customer_id,full_name,country,signup_date
1,omar koh  ,CN,2023-06-13
2,Mallory Mueller,tw,2021-08-20
3,OMAR RODRIGUEZ,in,2022-11-21
4,daniela yamamoto,dk,2019-11-30
5,yara kumar,GB,2021-06-30
6,  JUN TAN,us,2021-08-22
7,  yara huang ,france,2021-01-02
8,Zara Fischer,ID,2023-01-25
9,DANIELA FISCHER,indonesia,2020-08-16
10,Carol NGUYEN,US,2019-12-22
11,Eve Singh,USA,2019-11-26
12,  trent wang,JP,2021-11-24
13,Aisha MILLER,fr,2020-12-27
14,Bao TEO,DK,2022-03-06
15,  DAN FISCHER ,TW,2023-10-26
16,Aisha Ho  ,MY,2019-11-19
17,  Haruto MARTIN,MY,2021-08-09
18,Satoshi Khan,india,2021-04-22
19,  AISHA YAMAMOTO,China,2022-10-19
20,  Carol Wong ,JAPAN,2023-12-01
21,Frank Johnson,MY,2021-12-10
22,Kenji Teo  ,uk,2023-11-16
23,Uma Suzuki,FRANCE,2023-08-04
24,Tariq Yamamoto,FRANCE,2020-04-18
25,bao takahashi,gb,2021-09-16
26,Kiran Suzuki,id,2020-05-04
27,Ruth Wong,cn,2019-09-13
28,Bao Rodriguez  ,indonesia,2020-09-16
29,Daniela Dubois,indonesia,2023-04-18
30,  MALLORY NGUYEN ,thailand,2022-11-14
31,quentin johnson,JP,2021-02-10
32,victor koh,UK,2021-01-04
33,Sybil Lee, sg ,2022-04-24
34,  Kenji BROWN,jp,2023-10-16
35,  Devi BERNARD,gb,2019-04-28
36,arjun takahashi  ,US,2023-01-17
37,Kiran DAVIS,FR,2021-04-26
38,QUENTIN WILLIAMS,JP,2019-07-30
39,  uma dubois,id,2021-03-28
40,EVE BROWN,jp,2019-07-18
41,eve garcia,my,2022-05-17
42,  Carol LIM ,malaysia,2020-09-04
43,HARUTO NGUYEN,GB,2020-08-21
44,Wendy Adebayo,malaysia,2024-02-22
45,VICTOR CHEN  ,fr,2022-03-31
46,Leila Nguyen,my,2019-11-20
47,  KENJI RODRIGUEZ ,China,2024-03-06
48,  AISHA SATO,thailand,2022-09-27
49,Leila Williams,SG,2024-01-03
50,  priya sato ,JAPAN,2023-06-17
51,sybil wang  ,SINGAPORE,2020-05-11
52,Tariq OKAFOR,us,2023-09-20
53,SYBIL PEDERSEN,indonesia,2019-10-25
54,xander yamamoto,india,2023-07-11
55,MEI ZHANG,jp,2021-02-18
56,Judy JENSEN  ,my,2020-01-04
57,yara huang,france,2022-05-12
58,Alice JOHNSON,th,2022-08-21
59,peggy mueller,th,2019-05-06
60,URSULA MUELLER,TW,2021-09-11
61,yara wong,tw,2021-11-27
62,Aisha KUMAR  ,cn,2023-05-13
63,YUSUF HANSEN,IN,2021-12-26
64,Bao Williams, sg ,2019-07-08
65,Uma Williams  ,MY,2021-09-08
66,Chen Andersen,IN,2021-12-13
67,  kiran davis,ID,2020-08-07
68,satoshi martin,gb,2019-05-25
69,  Bao Jensen,SINGAPORE,2023-12-09
70,carol hansen  ,my,2022-04-30
71,Haruto Khan  ,my,2019-12-12
72,Chen KHAN,indonesia,2023-07-04
73,Yara Takahashi,IN,2023-05-14
74,GRACE WANG,china,2022-03-28
75,RAJESH LIU  ,GB,2023-01-17
76,Yusuf Tan,FR,2022-08-15
77,  DEVI BERNARD ,SG,2021-09-30
78,Dan ANDERSEN,malaysia,2022-07-28
79,Dan PEDERSEN  ,SINGAPORE,2022-07-23
80,Zara Teo,usa,2019-06-26
81,Quentin Liu,fr,2022-04-25
82,  Bao Andersen,thailand,2020-12-08
83,Mei FISCHER,cn,2022-01-14
84,  Yara Williams ,JP,2020-08-24
85,  Haruto Chen ,sg,2023-04-08
86,  peggy pedersen,my,2022-07-26
87,daniela patel  ,jp,2023-03-29
88,  Leila Garcia ,TW,2022-02-15
89,PRIYA NGUYEN  ,FRANCE,2023-03-09
90,ALICE ADEBAYO,USA,2023-01-17
91,rajesh wong,SG,2023-05-01
92,  LIAM WILLIAMS,FRANCE,2023-07-08
93,Alice Goh,dk,2023-08-22
94,  Mei Takahashi,sg,2020-05-18
95,  BIANCA BERNARD,JP,2023-04-14
96,valentina bernard,sg,2020-11-05
97,  yusuf okafor,JP,2020-03-08
98,bao davis,MY,2023-07-26
99,Dan Takahashi,my,2019-06-21
100,trent williams,FR,2019-07-21
101,  Liam Wong,france,2022-11-01
102,Daniela Wang,france,2021-06-03
103,  Caleb LEE ,JP,2022-02-10
104,  WEI LEE,dk,2020-04-30
105,eve liu,tw,2022-10-10
106,AISHA CHEN,uk,2024-02-03
107,  IVAN RODRIGUEZ,france,2019-09-22
108,  ZARA DAVIS ,MY,2022-05-08
109,Dan Bernard,UK,2019-07-13
110,Mallory Liu  ,th,2022-06-28
111,  Victor MUELLER,GB,2021-11-07
112,Bao Rodriguez,thailand,2022-11-11
113,carol teo  ,CN,2022-02-24
114,BAO KOH,IN,2023-02-20
115,Eve KHAN,uk,2019-05-01
116,IVAN KOH,my,2019-10-03
117,Haruto NG,SG,2021-01-21
118,MALLORY CHEN,tw,2021-08-14
119,HEIDI MUELLER, sg ,2020-01-01
120,Caleb OKAFOR,us,2019-12-12
121,eve smith,IN,2023-11-28
122,SATOSHI HO,JP,2020-04-08
123,Xiulan Chen,JP,2020-02-02
124,Judy Okafor,gb,2023-05-21
125,  Victor WONG,US,2020-09-23
126,  Zara Zhang ,france,2020-03-13
127,grace pedersen,gb,2020-01-18
128,Mei Johnson,th,2019-05-19
129,UMA HANSEN,TH,2020-06-05
130,OSCAR KHAN,JAPAN,2019-10-26
131,Uma MARTIN,id,2023-02-09
132,ZACH KOH,JP,2020-11-05
133,Tariq Fischer,uk,2023-01-08
134,satoshi suzuki,japan,2021-12-01
135,  Chen TAN,indonesia,2019-07-19
136,grace fischer,india,2023-04-22
137,Xander Andersen,Singapore,2022-08-31
138,Sybil Andersen,in,2019-07-29
139,WENDY JENSEN,DK,2020-01-06
140,Giulia Patel,DK,2021-11-19
141,Elena Zhang,india,2020-06-18
142,CAROL DAVIS,DK,2022-09-28
143,Oscar Lim,China,2022-01-01
144,Dan CHEN  ,id,2021-11-22
145,VALENTINA ANDERSEN,india,2023-12-11
146,Xander Okafor,sg,2022-06-18
147,  Sybil LIM,Taiwan,2020-07-02
148,UMA JOHNSON,malaysia,2020-11-06
149,Kiran Mueller,Taiwan,2023-09-01
150,Yara Adebayo  ,india,2023-02-06
151,Wei Wang  ,us,2022-08-14
152,Aisha Fischer,GB,2023-08-15
153,chen zhang,JP,2022-08-31
154,  ARJUN ANDERSEN,gb,2021-07-14
155,  Kenji Wong,india,2020-12-30
156,Haruto Ho,China,2021-11-30
157,leila nguyen,SG,2020-06-24
158,Noa Dubois,dk,2023-09-11
159,VICTOR LEE,denmark,2023-02-20
160,Ursula CHEN  ,GB,2024-02-21
161,Zara Ho,id,2020-06-08
162,Daniela Tan,UK,2020-06-05
163,Farid MILLER,uk,2019-05-29
164,Elena Williams,GB,2024-01-31
165,kenji fischer,CN,2019-05-12
166,HARUTO KUMAR  ,Singapore,2023-09-30
167,valentina bernard,JP,2019-06-16
168,Heidi Hansen,TH,2020-02-14
169,Leila Lee  ,indonesia,2021-01-19
170,Aisha Koh,my,2023-01-01
171,Xander Adebayo  ,in,2021-03-25
172,Kenji BROWN,usa,2024-02-07
173,dan zhang,JAPAN,2022-12-08
174,  oscar nguyen,SG,2020-10-10
175,  Frank JOHNSON ,usa,2022-07-20
176,liam zhang,my,2021-02-18
177,priya takahashi,TH,2021-11-12
178,Ivan Tan,CN,2022-09-27
179,HEIDI KOH,GB,2023-11-26
180,Arjun Rodriguez,denmark,2019-10-14
181,leila patel,CN,2021-05-28
182,Mei SUZUKI,china,2022-05-21
183,NINA LIU,sg,2020-08-18
184,oscar nguyen,fr,2023-09-01
185,  Mallory PATEL, sg ,2024-01-12
186,Xiulan Miller,denmark,2021-04-04
187,Ruth Mueller,JP,2023-02-22
188,  Zach Teo ,SINGAPORE,2021-09-24
189,OSCAR TEO  ,china,2023-09-25
190,Mei LIM  ,malaysia,2023-01-03
191,  Leila Kumar,sg,2021-01-07
192,  kenji dubois,TH,2022-08-04
193,Yara MILLER,JAPAN,2019-05-20
194,  TRENT KOH ,sg,2020-07-12
195,yusuf suzuki,MY,2019-10-31
196,Quentin Smith  ,sg,2023-10-31
197,Liam LIU,usa,2021-11-16
198,FRANK KHAN,thailand,2019-06-19
199,PRIYA WONG,JP,2022-08-17
200,  Quentin WILLIAMS ,fr,2023-11-26
201,ivan lim  , sg ,2019-09-30
202,  GIULIA JENSEN ,tw,2021-08-16
203,Kenji TAN,dk,2019-12-08
204,IVAN LEE,UK,2023-05-20
205,  RAJESH GARCIA,india,2021-02-20
206,Liam Koh  ,id,2023-11-26
207,  Mei Johnson,JAPAN,2021-05-23
208,HEIDI LIU,india,2023-01-14
209,YUSUF WONG,my,2019-07-21
210,bob koh  ,th,2023-10-13
211,devi mueller,JAPAN,2022-07-04
212,Sybil Tan,IN,2020-06-14
213,  mei khan,China,2023-06-19
214,  ALICE MUELLER ,id,2019-07-04
215,carol johnson,FRANCE,2022-06-27
216,  Alice KHAN,USA,2022-03-01
217,Giulia Goh  ,dk,2019-06-10
218,ELENA ADEBAYO  ,my,2022-06-12
219,Haruto TAKAHASHI,GB,2021-02-12
220,Uma Yamamoto,MY,2020-11-21
221,Heidi Nguyen,indonesia,2021-02-15
222,KIRAN LIM,fr,2022-10-09
223,WENDY PEDERSEN,ID,2022-05-29
224,DAN KOH,FR,2022-08-22
225,Wei GARCIA  ,usa,2021-06-01
226,  Bianca NG ,gb,2023-03-11
227,  CALEB NGUYEN,CN,2020-10-13
228,WEI WONG  ,gb,2021-03-17
229,  Uma Takahashi,denmark,2019-07-28
230,FARID PEDERSEN  ,Taiwan,2020-04-26
231,  Yusuf MILLER ,in,2020-11-09
232,mei bernard,CN,2021-01-30
233,Ursula Fischer,malaysia,2022-02-27
234,  Indira TEO,india,2022-03-09
235,  Bianca JOHNSON,thailand,2020-03-18
236,  giulia wong,ID,2023-07-21
237,Kiran Mueller,Taiwan,2019-06-24
238,EVE WILLIAMS  ,SG,2024-03-17
239,  SYBIL WONG,JAPAN,2019-10-17
240,VALENTINA LIU,tw,2022-05-18
241,  Carol ABBAS ,Singapore,2022-03-23
242,ELENA BROWN,cn,2019-05-12
243,UMA HO  ,DK,2023-07-22
244,Dan Koh  ,US,2022-02-06
245,CHEN MARTIN,MY,2023-02-21
246,  Haruto Sato,id,2021-07-15
247,  Omar Bernard ,FR,2019-12-18
248,  carol ng,MY,2021-10-22
249,Omar Sato, sg ,2020-04-05
250,Ruth Goh,sg,2021-08-01
251,judy bernard,th,2020-11-21
252,Rajesh LEE,fr,2023-02-21
253,Ursula Teo,FR,2022-11-05
254,Grace Martin  ,US,2019-07-31
255,bianca singh  ,denmark,2023-09-11
256,Ursula Abbas,MY,2020-01-30
257,Liam SCHNEIDER  ,fr,2023-11-03
258,Yara MILLER,denmark,2020-09-04
259,  bob khan,FR,2022-08-29
260,carol hansen,th,2022-11-30
261,  chen bernard,Taiwan,2019-06-11
262,OSCAR DAVIS,FR,2023-03-05
263,valentina goh  ,france,2020-12-31
264,Kenji Takahashi,china,2023-05-24
265,  ALICE LIU ,TH,2020-01-29
266,Tariq HUANG,TH,2024-02-28
267,  Giulia Dubois,jp,2022-11-18
268,FARID ABBAS,DK,2020-02-22
269,  Zara Hansen,tw,2020-02-21
270,WEI PEDERSEN  ,USA,2021-08-24
271,tariq okafor,jp,2020-12-14
272,DEVI GARCIA,usa,2024-01-31
273,  BAO LEE ,india,2022-08-03
274,Bob Khan,China,2020-09-25
275,Liam Wong,MY,2022-04-29
276,Bianca GARCIA  ,US,2020-04-14
277,Judy Lee,my,2021-01-06
278,Dan Sato,ID,2022-11-20
279,  Giulia Chen , sg ,2023-05-16
280,  WENDY MARTIN ,my,2022-03-14
281,Grace Garcia,JP,2020-09-04
282,Chen LIM,IN,2022-09-19
283,  Xander SCHNEIDER ,SG,2021-05-08
284,  BOB SMITH ,usa,2023-05-21
285,Daniela Goh,my,2020-04-22
286,Carol Singh,SINGAPORE,2021-01-06
287,devi ng  ,Taiwan,2022-05-30
288,SATOSHI LEE,TH,2021-05-20
289,  caleb ng ,china,2022-10-22
290,ALICE RODRIGUEZ,JAPAN,2020-12-11
291,Mei SMITH,japan,2022-05-10
292,Carol Davis,SINGAPORE,2020-11-21
293,mallory wang  ,france,2023-12-24
294,Judy HO,Taiwan,2022-04-26
295,ZACH ZHANG  ,MY,2020-09-08
296,Zach Pedersen  ,in,2021-12-17
297,  Uma Davis ,TW,2024-02-10
298,Chen NGUYEN,TH,2022-07-18
299,Devi Hansen  ,CN,2022-12-03
300,Zach Patel,id,2020-05-03
301,Judy Sato,IN,2023-12-03
302,  Oscar Lim,malaysia,2024-02-03
303,Mei SINGH,fr,2019-12-13
304,Aisha Takahashi,jp,2020-10-18
305,Ursula Kumar,UK,2023-06-26
306,Mei Abbas,CN,2020-08-09
307,SYBIL PEDERSEN,id,2021-03-24
308,Sybil Fischer,in,2022-12-10
309,TARIQ WILLIAMS,id,2024-03-07
310,  Leila Martin,tw,2022-04-20
311,priya martin,IN,2023-04-28
312,Yara Bernard  ,JP,2019-05-03
313,Zara Nguyen,CN,2021-04-09
314,  Noa Garcia,ID,2023-06-09
315,Yusuf Zhang,SG,2020-12-31
316,SYBIL HUANG  ,US,2019-09-28
317,Eve Hansen,FRANCE,2023-05-06
318,Victor SINGH,JAPAN,2021-12-27
319,  Quentin Singh,USA,2023-08-10
320,  ZACH LEE ,in,2022-09-19
321,  Xander Lim,denmark,2019-09-22
322,Nina Rodriguez,TW,2020-04-27
323,Giulia Goh,my,2021-07-22
324,tariq takahashi,malaysia,2022-12-08
325,Haruto Zhang,SG,2020-01-14
326,DEVI WILLIAMS,TW,2021-09-06
327,  Trent Jensen,GB,2023-08-16
328,Oscar Jensen,JP,2024-02-25
329,Zach Suzuki,france,2021-12-22
330,Satoshi Liu,UK,2019-06-09
331,Elena Hansen  ,gb,2019-06-08
332,  Noa Garcia,JP,2019-09-19
333,Ruth Wong,dk,2023-01-02
334,RUTH HO,tw,2019-06-22
335,DANIELA OKAFOR,UK,2019-12-17
336,  Frank FISCHER ,india,2024-02-09
337,Ursula Johnson,USA,2023-08-06
338,  Aisha Singh,CN,2023-02-06
339,alice schneider,SINGAPORE,2019-05-04
340,Judy Lim,us,2023-01-30
341,omar huang,ID,2023-07-01
342,Uma Brown, sg ,2023-11-05
343,Noa Williams,uk,2023-08-03
344,  Carol Williams ,SINGAPORE,2020-08-16
345,  XANDER KOH ,MY,2021-12-06
346,Yusuf Nguyen  ,china,2022-03-24
347,  Ursula Huang,DK,2019-11-22
348,ivan sato,th,2022-07-25
349,XANDER JENSEN,SG,2021-04-13
350,  Kiran Goh,thailand,2019-08-01
351,TRENT DAVIS  ,india,2022-05-31
352,Liam JOHNSON,th,2023-06-13
353,Tariq Tan  ,MY,2022-10-12
354,  Aisha Zhang,UK,2019-09-29
355,Ivan Nguyen,USA,2022-04-21
356,MALLORY YAMAMOTO,france,2021-09-05
357,  Indira Adebayo,US,2023-07-14
358,Sybil Suzuki,india,2021-11-29
359,eve nguyen,cn,2023-11-28
360,giulia huang,fr,2022-08-19
361,Alice Lee,cn,2023-03-26
362,  Grace Zhang ,TW,2023-04-20
363,Dan Koh,usa,2022-02-17
364,ARJUN KOH,Taiwan,2023-02-02
365,Rajesh Suzuki,MY,2021-10-01
366,dan andersen  ,denmark,2024-02-26
367,frank ng  ,dk,2023-04-21
368,ELENA HANSEN,thailand,2022-09-11
369,daniela lee  ,jp,2023-06-15
370,Liam Rodriguez,india,2022-08-02
371,bao martin,FR,2023-12-24
372,Elena Johnson,UK,2021-11-27
373,arjun miller,japan,2021-02-11
374,zara chen,DK,2022-05-19
375,Uma CHEN,Taiwan,2024-02-19
376,Dan Adebayo,id,2024-03-06
377,  Tariq Johnson,gb,2023-07-17
378,  Liam GARCIA,MY,2022-03-17
379,  Bob Schneider,JAPAN,2023-05-07
380,Devi OKAFOR,gb,2019-09-04
381,Tariq Goh,france,2024-01-17
382,  Chen Zhang ,IN,2024-03-16
383,Valentina Adebayo,th,2024-01-07
384,  FARID MARTIN,gb,2021-05-25
385,Wendy Williams,indonesia,2022-02-22
386,  Omar Tan,denmark,2024-01-30
387,  Zara Schneider,MY,2020-06-19
388,XANDER LIM,SG,2022-04-09
389,OSCAR LIU,uk,2023-08-09
390,victor suzuki  ,jp,2020-03-11
391,judy yamamoto,jp,2021-10-07
392,heidi ng,usa,2020-10-06
393,farid tan,france,2022-06-04
394,Liam Kumar  ,TH,2022-11-09
395,trent miller,JP,2019-05-13
396,Omar SINGH,us,2020-08-12
397,Leila Zhang,USA,2022-08-06
398,  Caleb DAVIS,CN,2021-07-21
399,Carol CHEN,tw,2021-01-18
400,  Wendy MARTIN, sg ,2019-06-19
401,UMA ANDERSEN,us,2020-09-25
402,Grace Teo,malaysia,2021-04-09
403,  Ursula Takahashi,us,2022-05-14
404,Kenji TEO,thailand,2022-09-16
405,rajesh lee,china,2023-08-24
406,QUENTIN ZHANG,GB,2021-01-26
407,ZARA LIM,sg,2023-12-19
408,Sybil MARTIN,china,2023-10-14
409,  Liam Fischer ,china,2023-06-30
410,Wei OKAFOR,thailand,2024-02-11
411,Uma Garcia,ID,2021-05-25
412,  chen jensen,IN,2022-07-20
413,TRENT MARTIN,USA,2019-07-14
414,HARUTO SINGH  ,sg,2022-10-19
415,Caleb TEO,my,2020-04-26
416,GRACE BROWN,FRANCE,2022-03-01
417,Oscar Ho  ,uk,2023-09-10
418,Liam Okafor,FR,2023-10-24
419,Yara ADEBAYO  ,uk,2020-10-09
420,trent miller,JAPAN,2021-01-12
421,  Yara Tan,cn,2023-08-19
422,Dan HANSEN,uk,2022-08-02
423,Caleb Lee  ,in,2022-02-25
424,DANIELA HUANG,tw,2021-12-24
425,Mallory Khan,US,2019-09-06
426,trent liu,denmark,2024-03-12
427,Frank Liu,id,2024-01-27
428,  Uma Abbas,GB,2020-06-16
429,JUDY FISCHER,ID,2023-10-01
430,  EVE DUBOIS,india,2023-07-03
431,Grace Miller,dk,2021-07-02
432,MALLORY HO,Taiwan,2020-05-22
433,  sybil chen,Taiwan,2023-11-16
434,Priya Goh,DK,2022-09-16
435,ALICE GARCIA,china,2022-10-06
436,Sybil SCHNEIDER,USA,2023-06-23
437,  Daniela Yamamoto,denmark,2020-08-22
438,YARA WILLIAMS,in,2019-08-19
439,Nina SUZUKI  ,GB,2022-08-02
440,mei ho  ,uk,2022-12-07
441,Valentina Davis,MY,2020-08-14
442,  CAROL SCHNEIDER ,US,2020-07-02
443,carol goh,TW,2021-04-17
444,  Bao LIU ,us,2022-09-24
445,  KENJI FISCHER,japan,2023-05-26
446,  ZARA DAVIS,CN,2023-02-27
447,BIANCA HO,us,2020-06-02
448,Devi SATO,FRANCE,2019-06-12
449,WENDY RODRIGUEZ,gb,2019-11-12
450,zach lee,usa,2020-11-21
451,Heidi Nguyen,JP,2022-09-13
452,OMAR DUBOIS,China,2020-11-01
453,Yusuf GARCIA,sg,2022-07-16
454,  Ursula Koh ,india,2022-01-01
455,  Mei WILLIAMS,USA,2019-10-13
456,  Aisha LIM ,FR,2023-02-06
457,eve martin,china,2023-08-24
458,  Kenji KHAN,JAPAN,2022-08-11
459,Wei LEE,UK,2024-01-17
460,Judy Schneider,TH,2019-05-08
461,quentin nguyen,china,2023-02-12
462,Liam KHAN  ,th,2021-11-05
463,Tariq SINGH,cn,2022-11-13
464,Caleb Pedersen  ,Taiwan,2021-01-20
465,Farid Ng,US,2023-12-08
466,Oscar Davis,JP,2022-01-28
467,  mallory abbas,IN,2021-09-11
468,  Caleb TEO ,fr,2020-03-13
469,URSULA GARCIA,ID,2022-04-16
470,Yusuf OKAFOR,in,2019-10-29
471,OMAR KUMAR  ,uk,2019-08-02
472,yara khan  ,china,2022-07-09
473,RAJESH MARTIN  ,china,2021-07-15
474,Kenji Lim,china,2023-05-28
475,ALICE HO,FRANCE,2019-05-12
476,Oscar Huang,denmark,2019-09-25
477,  eve mueller,malaysia,2022-05-01
478,OMAR HO,CN,2019-07-07
479,  Wei Chen ,US,2020-05-10
480,Eve Davis,TH,2023-01-08
481,  Zach Ng,FR,2024-02-06
482,  Judy ABBAS, sg ,2023-11-21
483,Quentin Khan,malaysia,2020-06-07
484,Elena MUELLER  ,in,2022-03-18
485,Dan Miller  ,ID,2020-05-05
486,Ivan SCHNEIDER,CN,2021-05-19
487,ZARA FISCHER,SG,2020-11-27
488,Bao Okafor,China,2021-07-05
489,Mallory Kumar  ,thailand,2020-05-31
490,Mallory SUZUKI,gb,2023-09-29
491,Devi Kumar,China,2023-03-30
492,Chen Brown  ,JAPAN,2024-01-14
493,Rajesh SINGH  ,TH,2021-07-28
494,Yara Ng,japan,2019-12-13
495,WENDY SUZUKI  ,dk,2021-10-22
496,Peggy Okafor  ,india,2020-10-27
497,  Trent ANDERSEN,Taiwan,2020-02-03
498,Elena Tan,dk,2020-05-21
499,frank koh,SG,2023-08-23
500,carol sato,JAPAN,2022-05-03
501,Kiran KOH  ,japan,2023-11-18
502,oscar davis,sg,2022-11-15
503,Judy Rodriguez,uk,2022-12-15
504,Daniela Khan,jp,2023-06-08
505,  eve jensen ,us,2020-01-18
506,PEGGY SCHNEIDER,malaysia,2019-07-06
507,KIRAN LIM,SINGAPORE,2020-02-07
508,  ruth kumar ,us,2021-08-03
509,Carol Chen,JP,2022-10-30
510,Xiulan TAN,CN,2021-04-20
511,Giulia Jensen,my,2023-11-29
512,  Devi Brown ,FR,2023-05-23
513,  KENJI LIM,GB,2020-09-19
514,Liam Ng  ,MY,2020-03-10
515,XIULAN TAN,SINGAPORE,2023-07-29
516,Carol OKAFOR  ,TH,2020-03-24
517,Ruth Bernard,SG,2021-06-21
518,  IVAN BROWN ,china,2022-03-04
519,Yara PEDERSEN,india,2022-08-04
520,  BOB BROWN ,id,2019-08-21
521,chen wang,tw,2021-12-11
522,Mallory PATEL,FR,2020-08-25
523,  indira chen,Singapore,2021-07-11
524,  Kenji Williams,ID,2023-06-30
525,  Noa Sato,fr,2020-01-15
526,FRANK ZHANG,Singapore,2020-09-24
527,Wendy Nguyen,UK,2021-06-01
528,  CALEB YAMAMOTO,malaysia,2021-07-14
529,  eve nguyen,CN,2020-07-03
530,DAN ZHANG,US,2022-05-07
531,GRACE KHAN,id,2023-02-12
532,Heidi CHEN,china,2024-01-20
533,  Valentina Brown,UK,2019-06-23
534,Xander LIU,TW,2023-06-27
535,Caleb Schneider,ID,2021-08-08
536,Uma HO,MY,2024-01-31
537,Devi Bernard,DK,2019-06-13
538,grace suzuki  ,tw,2022-12-30
539,MEI RODRIGUEZ,IN,2019-06-14
540,  Bob DAVIS,USA,2019-10-18
541,Bianca Yamamoto,id,2021-09-27
542,Kenji Suzuki,thailand,2023-03-21
543,quentin fischer,IN,2023-03-04
544,  heidi johnson ,SINGAPORE,2021-06-06
545,Dan JENSEN,SG,2022-10-15
546,  Ivan Brown,FR,2022-06-09
547,  PRIYA LEE,gb,2021-01-14
548,Liam Lee,ID,2023-08-05
549,Haruto Wang,SG,2023-03-03
550,  oscar dubois,usa,2022-10-17
551,Indira BERNARD,in,2019-11-22
552,  Ivan Singh ,uk,2019-07-13
553,Kenji GARCIA,UK,2020-11-03
554,XANDER YAMAMOTO,UK,2022-01-31
555,Xiulan SATO,ID,2020-04-24
556,Elena NGUYEN,fr,2021-02-10
557,Kenji Schneider  ,Singapore,2022-10-08
558,  Caleb Jensen,UK,2022-11-28
559,jun wang,Singapore,2019-05-03
560,  Carol Smith,id,2023-01-27
561,nina johnson,th,2023-09-29
562,GIULIA HUANG,SG,2020-01-27
563,  PEGGY HANSEN,malaysia,2022-06-03
564,Priya MARTIN  ,Singapore,2022-11-28
565,Peggy Khan  ,UK,2023-07-10
566,NINA SUZUKI,japan,2022-10-21
567,WENDY TAN,india,2020-08-11
568,Elena Mueller  ,USA,2023-07-04
569,  Wendy OKAFOR ,th,2021-08-14
570,zach khan  ,TW,2019-08-05
571,victor wong,usa,2023-10-12
572,NINA LIU,SG,2024-01-11
573,Bao Martin,china,2021-01-02
574,WENDY WILLIAMS,TW,2020-03-08
575,PEGGY HO  ,gb,2022-01-02
576,Sybil RODRIGUEZ,thailand,2023-07-20
577,  Heidi Martin,us,2022-02-16
578,Sybil BERNARD,japan,2021-06-14
579,Kiran Takahashi  ,FRANCE,2020-06-09
580,elena zhang,FRANCE,2020-08-03
581,jun schneider,SG,2019-07-08
582,Leila Abbas,denmark,2023-08-20
583,SATOSHI ABBAS,malaysia,2020-08-22
584,Kiran Davis, sg ,2020-03-06
585,farid williams, sg ,2020-11-30
586,Xiulan MARTIN  ,SG,2022-03-17
587,nina zhang,id,2021-05-07
588,Arjun Garcia  ,sg,2021-01-19
589,DANIELA WONG,USA,2019-11-20
590,GRACE MUELLER,DK,2020-08-28
591,  giulia nguyen,uk,2023-11-07
592,  VICTOR ADEBAYO ,japan,2020-06-07
593,  Noa KHAN ,indonesia,2019-10-17
594,  Leila LEE ,Taiwan,2020-10-08
595,dan huang,indonesia,2022-01-25
596,Kiran Zhang  ,IN,2022-06-02
597,  Arjun ABBAS ,JAPAN,2021-10-29
598,DANIELA HANSEN  ,MY,2020-12-02
599,OSCAR ADEBAYO,FRANCE,2019-12-07
600,Victor Okafor,US,2020-06-16
601,kiran teo,india,2021-05-21
602,Haruto Mueller,japan,2024-03-21
603,Daniela GARCIA,ID,2021-02-26
604,kiran wong,japan,2023-07-29
605,  FARID GOH,FRANCE,2023-08-11
606,Chen Liu,jp,2023-06-29
607,LEILA FISCHER,UK,2021-08-21
608,  SYBIL HANSEN ,ID,2023-08-02
609,Zara Martin,dk,2023-04-23
610,Omar ANDERSEN,my,2021-03-12
611,wendy liu,JAPAN,2023-09-15
612,Giulia Mueller,gb,2021-01-26
613,BIANCA BROWN,id,2023-08-29
614,Kiran KHAN,US,2023-04-05
615,trent chen  ,tw,2019-09-29
616,Uma Johnson  ,CN,2023-03-04
617,CHEN ANDERSEN,china,2019-05-06
618,Carol Wang  ,malaysia,2023-08-23
619,Peggy NG,tw,2020-10-30
620,EVE OKAFOR,US,2021-07-08
621,  YARA WILLIAMS ,japan,2023-02-23
622,kenji mueller,dk,2023-10-17
623,Omar BROWN,China,2023-03-07
624,Dan TAKAHASHI,UK,2023-02-21
625,elena tan  ,MY,2021-09-02
626,Heidi CHEN  ,dk,2021-03-18
627,MEI WONG, sg ,2023-05-21
628,  NOA DUBOIS,my,2021-08-12
629,Ivan SUZUKI,US,2020-02-24
630,Kiran KOH,SINGAPORE,2019-06-02
631,INDIRA GARCIA,japan,2019-12-30
632,Chen WANG,JAPAN,2020-09-12
633,BOB LIU  ,malaysia,2019-12-09
634,GIULIA ABBAS,China,2022-01-11
635,  Xiulan Sato,China,2023-01-27
636,JUN HANSEN,DK,2019-12-05
637,Zara Tan,usa,2021-01-17
638,DEVI FISCHER,india,2022-11-10
639,Bob Kumar,JP,2023-01-06
640,Valentina TEO  ,malaysia,2021-11-11
641,  PEGGY SMITH,id,2023-02-13
642,Indira Johnson,SG,2021-10-13
643,oscar hansen,tw,2023-06-29
644,SYBIL DAVIS,FR,2020-06-09
645,  Indira Pedersen ,FR,2020-11-10
646,Heidi ABBAS,JAPAN,2023-06-14
647,PRIYA SCHNEIDER,china,2020-06-19
648,Noa Dubois,US,2023-05-01
649,XIULAN BROWN,jp,2024-01-23
650,  Yara GARCIA ,China,2022-03-14
651,Ruth Teo,usa,2022-09-13
652,Yara KHAN,id,2024-03-08
653,YARA HANSEN,gb,2022-04-19
654,yara johnson  ,japan,2023-07-13
655,YARA NG,SG,2020-02-24
656,Arjun Zhang,US,2019-05-09
657,Bao Sato,japan,2024-02-02
658,  chen takahashi ,TW,2023-05-17
659,Carol Wong,uk,2020-10-18
660,Noa Sato,japan,2023-08-26
661,chen chen,TW,2021-05-18
662,  XIULAN HO,france,2020-06-15
663,  Kenji Pedersen, sg ,2021-02-05
664,YARA ABBAS,US,2024-01-11
665,Elena Takahashi  ,thailand,2023-08-19
666,bianca singh,us,2022-10-19
667,Quentin Dubois,india,2021-10-18
668,Judy ABBAS,UK,2023-03-16
669,  Omar Mueller,thailand,2021-12-23
670,DEVI WONG,uk,2022-08-31
671,  Aisha Wong,china,2024-01-24
672,  carol williams ,japan,2021-08-22
673,  satoshi adebayo ,fr,2020-03-16
674,Zach Pedersen,UK,2023-03-07
675,Ruth Mueller  ,DK,2023-06-01
676,Satoshi DAVIS,th,2022-06-17
677,Farid Yamamoto,China,2023-08-15
678,  Devi Takahashi ,malaysia,2020-06-10
679,  eve patel,TW,2019-10-11
680,Kenji ABBAS,china,2020-09-10
681,Nina Pedersen,us,2021-08-28
682,SYBIL TEO  ,france,2019-09-01
683,Zach BERNARD,indonesia,2023-06-27
684,MEI DAVIS,TH,2020-12-10
685,xander pedersen,GB,2022-10-21
686,Priya Lim,ID,2023-12-07
687,Carol Huang,UK,2019-08-24
688,Valentina Wong,DK,2024-01-16
689,victor chen,jp,2021-12-19
690,kiran okafor,th,2023-02-07
691,leila yamamoto,jp,2020-09-06
692,Ursula Jensen,JAPAN,2019-08-05
693,Dan Smith,th,2020-05-31
694,  RAJESH GOH,CN,2021-01-17
695,DEVI OKAFOR  ,Taiwan,2020-04-08
696,Peggy KHAN,thailand,2024-02-27
697,chen jensen,dk,2022-11-18
698,SYBIL BROWN  ,SINGAPORE,2021-08-12
699,  TARIQ KHAN,GB,2022-12-14
700,xander chen,sg,2020-04-19
701,eve singh,SINGAPORE,2019-12-26
702,WENDY OKAFOR, sg ,2021-02-12
703,  alice zhang,my,2019-11-11
704,alice lim,denmark,2024-03-16
705,Omar Yamamoto  ,DK,2022-07-01
706,Liam Hansen,IN,2020-07-06
707,arjun kumar  ,th,2019-07-27
708,CAROL SCHNEIDER,TW,2022-04-12
709,  Devi LIU ,TH,2023-03-23
710,Ruth Takahashi,dk,2020-03-19
711,Eve Wong,china,2021-09-14
712,RUTH LIU,DK,2021-12-27
713,  Dan Tan ,sg,2019-06-06
714,Devi Patel,id,2021-09-08
715,daniela ho, sg ,2019-09-18
716,Rajesh Goh,japan,2019-07-07
717,PEGGY JENSEN,GB,2022-11-09
718,Quentin Abbas  ,gb,2022-01-02
719,Judy Khan  ,GB,2020-04-26
720,Zach JOHNSON,in,2021-12-21
721,dan yamamoto,Taiwan,2023-06-07
722,  Leila LEE,FR,2021-07-02
723,Dan PATEL  ,china,2020-03-20
724,IVAN HANSEN,tw,2020-09-08
725,Rajesh Lee  ,CN,2024-01-28
726,  Quentin Pedersen, sg ,2019-12-27
727,  Leila BERNARD ,cn,2021-02-11
728,Tariq SMITH  ,france,2021-01-30
729,Peggy WANG,GB,2021-03-01
730,Kenji HO,france,2021-03-16
731,  grace teo,th,2020-04-12
732,OMAR MILLER  ,China,2022-02-18
733,  Bianca SATO ,TW,2021-01-18
734,NOA WONG,my,2022-01-11
735,Zach JOHNSON,TH,2019-07-02
736,YARA HO,FR,2020-06-04
737,Trent Smith,th,2020-08-28
738,Wei Martin,JAPAN,2020-05-10
739,Grace ANDERSEN,japan,2020-06-28
740,Eve ANDERSEN,france,2023-08-22
741,  INDIRA GARCIA,ID,2023-03-23
742,JUDY SINGH,CN,2022-07-26
743,Devi DAVIS,uk,2023-07-24
744,Ivan Patel  ,SG,2022-05-18
745,  Priya Martin,japan,2021-11-01
746,Carol RODRIGUEZ,ID,2023-06-11
747,Bianca Martin,france,2022-10-02
748,  IVAN FISCHER ,DK,2023-10-15
749,  Heidi Schneider,China,2023-07-23
750,  Leila Johnson ,GB,2020-01-21
751,Ruth DUBOIS,DK,2023-10-13
752,Yusuf Tan,usa,2019-09-12
753,rajesh schneider,id,2020-11-12
754,Rajesh Takahashi,fr,2021-10-25
755,Tariq Smith,TH,2020-01-22
756,Daniela Tan,TH,2022-09-28
757,bob fischer,jp,2021-11-20
758,Wendy Wong,cn,2023-05-31
759,Judy Abbas,DK,2020-08-14
760,Nina Nguyen,france,2022-01-31
761,OSCAR DAVIS,Singapore,2020-09-08
762,DAN YAMAMOTO  ,denmark,2023-02-06
763,  Bianca Wong,USA,2022-02-28
764,  rajesh rodriguez ,dk,2023-07-16
765,wendy yamamoto,JP,2021-07-27
766,xiulan suzuki,france,2022-01-23
767,Giulia Lim,IN,2023-09-25
768,Wei Davis  ,thailand,2020-03-12
769,Liam Huang  ,China,2023-05-13
770,ivan sato,usa,2021-10-20
771,  Zara Rodriguez,jp,2023-06-21
772,DANIELA JENSEN  ,IN,2023-12-26
773,Nina Brown,dk,2024-03-01
774,CAROL KOH,india,2020-11-03
775,  LEILA GOH,jp,2020-03-11
776,Indira MARTIN,China,2021-02-08
777,Arjun Mueller, sg ,2023-02-22
778,  Devi Koh,india,2023-02-17
779,  GRACE JOHNSON,france,2022-03-21
780,Xander TAKAHASHI,thailand,2024-01-01
781,  Zara Schneider ,china,2021-05-21
782,MALLORY HUANG,uk,2021-04-09
783,Arjun Martin,china,2020-04-09
784,  BAO TAN,uk,2023-01-25
785,Victor Yamamoto,th,2023-06-26
786,indira hansen,gb,2023-11-08
787,  Zara Bernard,malaysia,2023-03-24
788,zach kumar,JAPAN,2023-10-09
789,Peggy TAKAHASHI  ,th,2019-08-01
790,Ivan Patel,FRANCE,2022-12-15
791,ALICE JOHNSON,IN,2022-11-07
792,Nina Martin,JAPAN,2022-08-09
793,JUN HANSEN,malaysia,2020-02-17
794,omar sato,thailand,2023-08-23
795,Jun MILLER,dk,2019-10-19
796,  JUN KUMAR,id,2020-06-19
797,PEGGY KHAN,my,2021-03-16
798,Kenji Smith,india,2019-10-08
799,Tariq ANDERSEN,us,2023-01-30
800,Noa Smith,uk,2023-04-05
801,Yara CHEN, sg ,2022-06-22
802,URSULA ANDERSEN,in,2022-06-12
803,PRIYA BERNARD,france,2022-04-06
804,Elena Dubois  ,indonesia,2019-08-11
805,Elena Chen,CN,2022-07-12
806,Quentin Liu,ID,2021-01-07
807,priya kumar,tw,2021-06-24
808,Giulia MARTIN,my,2024-02-23
809,QUENTIN BROWN,uk,2020-11-29
810,ursula rodriguez,FRANCE,2021-12-15
811,NINA DAVIS  ,China,2023-11-11
812,BOB GARCIA,th,2022-05-18
813,HARUTO HANSEN,france,2023-05-28
814,  zach johnson ,indonesia,2019-10-19
815,bob mueller  ,FRANCE,2020-06-26
816,GRACE MILLER,us,2023-08-14
817,INDIRA PEDERSEN,tw,2020-05-26
818,Haruto Abbas,JAPAN,2019-06-21
819,Uma GARCIA,usa,2022-08-24
820,Grace Andersen,uk,2023-08-17
821,  BOB JENSEN,USA,2022-01-25
822,Tariq DUBOIS,in,2021-03-06
823,Carol Yamamoto,in,2023-08-24
824,  judy garcia,USA,2019-08-17
825,bianca zhang,SG,2020-05-09
826,Judy Zhang,China,2021-02-06
827,  QUENTIN WANG ,JAPAN,2019-10-21
828,Peggy LIU,cn,2022-08-25
829,Giulia Bernard,france,2021-02-01
830,  Oscar Garcia ,Taiwan,2019-11-05
831,TARIQ CHEN, sg ,2021-07-08
832,SATOSHI BROWN,TW,2022-03-12
833,OSCAR JOHNSON,gb,2020-03-08
834,WEI SCHNEIDER,malaysia,2023-12-12
835,Grace Sato  ,Singapore,2019-11-09
836,UMA HO,IN,2020-06-18
837,  dan goh,SINGAPORE,2024-03-19
838,Judy Andersen,TW,2024-01-03
839,  LEILA LEE,id,2021-07-10
840,Judy Ng,SG,2021-07-07
841,Wei Takahashi,SINGAPORE,2020-08-21
842,  liam koh ,JAPAN,2022-11-17
843,indira abbas,JAPAN,2022-09-30
844,Omar YAMAMOTO,JAPAN,2020-07-06
845,Yusuf RODRIGUEZ,gb,2022-10-31
846,NOA MARTIN,uk,2021-05-21
847,rajesh tan,usa,2023-04-03
848,  Valentina Takahashi,indonesia,2023-05-12
849,Dan JOHNSON,sg,2021-06-19
850,  Satoshi Abbas ,cn,2023-02-17
851,Rajesh JENSEN  ,USA,2019-07-12
852,Giulia LEE  ,GB,2022-10-16
853,Frank ZHANG  ,tw,2019-06-21
854,Devi HANSEN,th,2020-06-18
855,zara lim,indonesia,2020-03-07
856,Haruto Brown,france,2023-03-20
857,eve chen,ID,2024-03-22
858,  Arjun Zhang,id,2022-01-20
859,Judy Wong  ,china,2020-02-14
860,Alice LEE,UK,2023-09-08
861,NOA RODRIGUEZ  ,usa,2019-08-10
862,  Xander Lee,FR,2023-09-17
863,  TARIQ MUELLER ,tw,2021-10-16
864,CHEN MARTIN,usa,2022-05-22
865,CHEN ZHANG,indonesia,2021-07-21
866,XIULAN JENSEN,tw,2022-03-09
867,Chen Jensen  ,US,2021-04-21
868,  Arjun Dubois ,TH,2021-11-25
869,omar lim,japan,2019-11-28
870,  Ruth JOHNSON ,gb,2022-03-19
871,  trent andersen ,in,2023-08-20
872,  tariq davis,indonesia,2023-01-27
873,Peggy Jensen,in,2020-08-19
874,Nina MARTIN,ID,2019-06-08
875,NOA DUBOIS  ,DK,2024-02-19
876,  Leila FISCHER,TH,2021-12-02
877,  indira teo,TH,2020-12-29
878,Bob RODRIGUEZ,jp,2020-12-02
879,  Rajesh Martin,denmark,2021-08-07
880,jun ng  ,gb,2019-11-30
881,Chen Singh  ,id,2023-02-19
882,  QUENTIN WANG ,indonesia,2023-02-14
883,Mallory SMITH,TW,2024-01-06
884,OSCAR NGUYEN  , sg ,2021-04-21
885,Yara Patel,JAPAN,2022-10-02
886,  Satoshi Jensen ,DK,2020-10-14
887,Arjun Lee,Taiwan,2024-03-24
888,bao dubois,japan,2019-07-08
889,frank sato,FRANCE,2019-06-17
890,  Chen HUANG ,China,2024-03-21
891,tariq pedersen,TW,2019-08-25
892,bianca fischer,JP,2019-11-23
893,Xiulan KOH,gb,2020-09-27
894,HEIDI SINGH,JP,2023-02-26
895,zara singh,UK,2023-09-28
896,Wendy Smith,indonesia,2019-05-29
897,DAN HUANG,DK,2021-12-04
898,Kenji PATEL,cn,2022-05-12
899,bob jensen,dk,2022-01-26
900,  indira wong,TH,2022-04-07
901,devi jensen,my,2022-01-14
902,Tariq Sato  ,japan,2023-05-10
903,carol brown  ,in,2023-04-20
904,priya zhang,Taiwan,2023-06-27
905,  Tariq Fischer,my,2021-02-22
906,judy teo,GB,2021-07-09
907,yara zhang  ,indonesia,2021-07-12
908,devi andersen,tw,2022-02-13
909,Bob Goh,denmark,2019-05-01
910,Chen Tan  ,indonesia,2022-03-26
911,  Devi ADEBAYO,id,2021-11-23
912,Victor Tan,id,2023-01-10
913,Leila Okafor  ,SG,2019-06-23
914,Aisha FISCHER,USA,2022-08-15
915,  NINA CHEN ,CN,2021-01-20
916,Chen Dubois,IN,2020-04-13
917,CHEN LIU,GB,2021-08-21
918,  Satoshi Liu ,dk,2022-05-17
919,KIRAN NG,japan,2019-08-15
920,Nina FISCHER,FRANCE,2020-05-20
921,  Chen CHEN ,FRANCE,2021-12-31
922,  bao smith,IN,2019-11-08
923,elena dubois,GB,2023-01-12
924,Liam Khan,IN,2020-04-13
925,Valentina ADEBAYO,FRANCE,2023-06-09
926,MALLORY PEDERSEN,GB,2024-03-12
927,Bob Wong,China,2022-10-03
928,Valentina HO,dk,2021-02-06
929,  ursula hansen,th,2023-02-16
930,  Eve Lim ,france,2024-03-05
931,ZARA WANG,FR,2020-05-16
932,Tariq Bernard  ,CN,2020-05-12
933,elena teo,france,2020-07-24
934,  Heidi Koh,china,2022-08-21
935,  QUENTIN BERNARD ,th,2022-12-11
936,  tariq teo ,india,2023-02-09
937,  RAJESH MUELLER,IN,2023-04-20
938,quentin williams  ,IN,2019-10-11
939,ursula lee,uk,2023-10-21
940,Caleb Yamamoto  ,thailand,2022-10-05
941,DEVI GOH,TW,2019-09-22
942,  Leila ANDERSEN,TH,2019-11-22
943,Xander MILLER  ,DK,2022-05-06
944,  Grace Rodriguez,cn,2022-07-23
945,Wendy LIM,denmark,2021-06-26
946,Rajesh Ho,sg,2021-12-21
947,ZACH WANG,china,2022-08-02
948,  ELENA SCHNEIDER,USA,2022-05-23
949,omar okafor,China,2022-06-07
950,Jun Schneider,tw,2022-10-07
951,Satoshi Adebayo,GB,2023-05-27
952,  VALENTINA DAVIS, sg ,2019-10-04
953,grace davis,id,2022-09-14
954,Tariq Lee,in,2022-03-02
955,CALEB DUBOIS,ID,2023-01-04
956,  liam schneider,jp,2022-09-19
957,  Haruto Martin,tw,2020-03-09
958,  ivan adebayo,my,2021-05-16
959,  sybil teo ,jp,2023-08-25
960,Valentina Lim,in,2020-01-02
961,CALEB LEE,FRANCE,2023-03-08
962,Sybil Abbas,FRANCE,2020-07-06
963,  aisha singh ,ID,2020-01-27
964,WENDY CHEN,us,2019-08-01
965,xander jensen,usa,2019-12-19
966,giulia goh,id,2022-06-30
967,  Zara ADEBAYO ,FRANCE,2023-07-26
968,carol miller,fr,2021-12-06
969,Grace SUZUKI,SINGAPORE,2020-08-06
970,Carol Koh,india,2019-06-19
971,yusuf goh,JP,2021-08-20
972,  BOB YAMAMOTO ,UK,2021-10-31
973,Tariq Abbas,MY,2022-12-02
974,SATOSHI YAMAMOTO,japan,2021-02-11
975,  Daniela WANG,CN,2022-12-20
976,satoshi ng  ,denmark,2023-05-19
977,GRACE SINGH,france,2022-10-16
978,Mallory Suzuki,UK,2023-10-17
979,yara kumar,id,2023-03-23
980,Aisha Koh,india,2020-01-07
981,Bianca Davis,CN,2020-02-02
982,victor dubois,indonesia,2023-05-03
983,  Alice Fischer ,GB,2023-05-15
984,CHEN DAVIS  ,france,2024-02-04
985,Tariq Kumar,CN,2023-08-16
986,Xander OKAFOR,thailand,2019-05-15
987,Arjun Mueller  ,CN,2021-03-28
988,Judy Williams,UK,2021-09-14
989,Elena TAKAHASHI,gb,2022-06-14
990,  caleb adebayo,malaysia,2021-08-12
991,Daniela Rodriguez  ,IN,2020-11-14
992,giulia goh,us,2022-03-14
993,Elena DUBOIS,JAPAN,2023-07-20
994,kiran huang,japan,2023-05-02
995,Zach PEDERSEN,JAPAN,2023-09-19
996,  Valentina WONG,usa,2023-02-21
997,ARJUN FISCHER,tw,2023-04-25
998,  Bianca NGUYEN,IN,2024-01-17
999,Caleb Chen  ,JAPAN,2019-09-19
1000,  Kiran GOH ,th,2020-08-02
1001,KENJI LIU,Singapore,2023-12-11
1002,DANIELA MUELLER,fr,2019-05-01
1003,  Ursula Wang ,japan,2024-03-22
1004,Valentina Dubois,Taiwan,2023-11-24
1005,Rajesh Pedersen,JAPAN,2023-12-15
1006,HARUTO WONG,CN,2021-10-27
1007,nina singh,China,2023-05-09
1008,RUTH ADEBAYO,my,2021-03-24
1009,Caleb Tan,malaysia,2023-08-05
1010,Nina WANG,DK,2020-10-30
1011,TRENT PATEL,GB,2024-03-02
1012,Victor Bernard,China,2022-07-13
1013,CAROL DAVIS,IN,2021-06-02
1014,mei huang,JAPAN,2023-11-18
1015,Jun ADEBAYO,FR,2022-03-22
1016,TRENT SMITH  ,fr,2022-10-05
1017,Eve Goh  ,sg,2022-08-20
1018,Grace TAKAHASHI,UK,2019-07-05
1019,Mallory Yamamoto,us,2020-01-29
1020,  CHEN WONG,JAPAN,2023-08-28
1021,ALICE LIM  ,USA,2021-07-18
1022,  Bao DUBOIS ,TW,2019-10-31
1023,  Quentin Lim,USA,2019-06-07
1024,  KENJI TEO,FR,2021-06-14
1025,Aisha Patel,dk,2023-04-04
1026,Carol Liu,japan,2020-10-28
1027,SATOSHI DUBOIS,UK,2023-03-17
1028,BAO ABBAS,MY,2019-11-23
1029,aisha wong,FR,2021-09-06
1030,  Heidi Goh,ID,2023-07-01
1031,  Valentina Sato,india,2021-09-27
1032,Victor Nguyen,SINGAPORE,2020-08-11
1033,BOB JOHNSON,usa,2020-04-12
1034,Omar Johnson  ,CN,2021-02-04
1035,ELENA ANDERSEN,JAPAN,2021-09-29
1036,xander huang,my,2021-08-11
1037,  indira garcia ,cn,2019-09-01
1038,Wei YAMAMOTO,india,2020-12-15
1039,  KIRAN DAVIS,dk,2022-05-12
1040,YUSUF HANSEN,MY,2021-05-13
1041,Elena Liu  ,TH,2021-03-19
1042,ALICE HANSEN,denmark,2020-01-14
1043,  Ivan Nguyen,UK,2019-05-07
1044,  MEI HANSEN,Taiwan,2020-03-04
1045,Tariq Lee,id,2019-08-26
1046,  sybil miller,gb,2022-01-31
1047,nina huang  ,th,2019-08-30
1048,GRACE GARCIA,cn,2023-03-28
1049,xiulan nguyen  ,usa,2022-03-19
1050,Caleb WILLIAMS  ,JAPAN,2020-01-02
1051,Arjun Koh  ,us,2020-09-03
1052,ruth patel,MY,2019-10-30
1053,Zara Rodriguez,Taiwan,2019-09-04
1054,Zach SINGH  ,japan,2020-05-08
1055,Sybil Rodriguez,my,2022-01-08
1056,Bob WILLIAMS,TH,2023-04-09
1057,Arjun Hansen,thailand,2019-08-19
1058,  ivan andersen,cn,2021-12-27
1059,Ursula FISCHER,US,2021-10-23
1060,Satoshi DAVIS,cn,2019-10-21
1061,Ruth JENSEN,th,2022-12-29
1062,  Aisha Ng ,jp,2023-05-25
1063,noa martin  ,Singapore,2022-12-31
1064,noa garcia  ,id,2020-01-17
1065,CALEB WILLIAMS,sg,2022-05-31
1066,  Mallory HO,SINGAPORE,2021-08-27
1067,  daniela johnson,japan,2021-02-21
1068,  Wei Johnson,usa,2022-05-30
1069,  ALICE TAKAHASHI ,japan,2020-05-04
1070,farid pedersen  ,indonesia,2019-12-03
1071,Grace HANSEN,id,2021-03-20
1072,ELENA JOHNSON,FRANCE,2019-09-23
1073,Omar GOH,cn,2022-09-21
1074,arjun patel, sg ,2023-03-25
1075,Yara PEDERSEN,US,2022-05-26
1076,Eve WILLIAMS,FR,2019-06-10
1077,Alice Mueller,ID,2020-05-07
1078,Kiran Tan,india,2020-12-24
1079,jun bernard,china,2021-03-18
1080,  Frank Miller,indonesia,2019-08-26
1081,Leila Adebayo,UK,2024-02-07
1082,Nina YAMAMOTO,japan,2023-03-16
1083,MALLORY SINGH,China,2024-02-18
1084,VALENTINA PEDERSEN  ,indonesia,2023-06-13
1085,  mallory patel,Taiwan,2021-10-20
1086,  WENDY LEE ,japan,2023-11-05
1087,Wendy Teo  ,UK,2023-11-11
1088,XIULAN WONG,tw,2023-07-09
1089,Mallory Davis,TH,2023-04-04
1090,Uma Williams,UK,2023-06-21
1091,Caleb Garcia  , sg ,2023-11-13
1092,devi brown,JP,2021-07-02
1093,Chen Mueller,denmark,2019-12-02
1094,Eve Hansen  ,FR,2021-05-04
1095,Caleb YAMAMOTO  ,india,2022-02-01
1096,Arjun Goh  ,usa,2022-03-23
1097,DEVI BROWN  ,UK,2020-10-10
1098,  Elena Kumar ,CN,2019-12-11
1099,uma teo,jp,2022-09-18
1100,NOA BROWN,uk,2019-12-10
1101,Zach Sato,GB,2019-07-16
1102,RAJESH WANG,DK,2019-07-11
1103,Giulia Hansen,japan,2020-02-02
1104,RAJESH KOH,india,2019-07-04
1105,YARA SATO,uk,2023-08-03
1106,SATOSHI RODRIGUEZ  ,france,2024-03-24
1107,DAN NG  ,Singapore,2023-08-31
1108,  ARJUN WONG,JAPAN,2023-04-30
1109,RAJESH BERNARD,id,2020-08-07
1110,Frank Schneider  ,US,2021-03-06
1111,  Aisha Adebayo ,TW,2022-10-28
1112,BOB SUZUKI,DK,2022-03-16
1113,Quentin Sato,UK,2019-06-25
1114,  trent chen,india,2020-02-25
1115,heidi sato,malaysia,2023-12-03
1116,  Judy Patel,SG,2020-03-18
1117,YUSUF DUBOIS,jp,2019-05-31
1118,  Grace Zhang,TH,2022-08-05
1119,GIULIA PEDERSEN,Taiwan,2021-09-06
1120,Jun WONG,Singapore,2022-11-28
1121,noa koh,sg,2023-05-13
1122,KENJI OKAFOR,denmark,2020-02-25
1123,Alice ANDERSEN,SG,2023-11-05
1124,  YARA DAVIS ,cn,2019-08-12
1125,Uma Rodriguez,th,2020-03-11
1126,  Mallory Wong,india,2019-07-20
1127,Heidi Sato,jp,2023-07-22
1128,Wei ABBAS,JP,2021-08-02
1129,XIULAN SUZUKI,JAPAN,2021-05-11
1130,Nina LIU,CN,2021-06-14
1131,  ZARA DAVIS,USA,2023-06-28
1132,  BOB DUBOIS ,france,2020-01-26
1133,NOA LEE,cn,2020-05-04
1134,Caleb Adebayo,usa,2020-04-04
1135,Wei Teo  ,USA,2022-10-06
1136,indira abbas,DK,2022-02-12
1137,  Farid CHEN ,id,2021-10-03
1138,KIRAN WILLIAMS  ,US,2020-07-21
1139,  Caleb Kumar,DK,2020-06-17
1140,giulia patel  ,JAPAN,2021-01-29
1141,haruto lim,MY,2020-12-12
1142,  ARJUN WANG,fr,2022-07-16
1143,Valentina Koh,id,2021-07-19
1144,  Wendy Garcia,SG,2020-01-05
1145,Wendy MUELLER,SG,2023-05-30
1146,  Valentina Sato,my,2020-08-16
1147,Wei MARTIN,SG,2019-12-05
1148,  HEIDI HANSEN,SINGAPORE,2021-02-05
1149,elena goh,china,2021-05-31
1150,peggy miller,jp,2020-11-24
1151,Zach Koh,SG,2019-06-09
1152,Tariq Khan,france,2019-09-03
1153,CHEN ANDERSEN,Taiwan,2019-11-15
1154,Alice Liu,TW,2021-02-22
1155,  YARA TEO,JP,2022-11-25
1156,Victor Koh,ID,2024-02-18
1157,Arjun BROWN,US,2022-06-12
1158,heidi chen,UK,2020-10-17
1159,Mei Pedersen,IN,2020-07-29
1160,Yara BERNARD,fr,2019-12-24
1161,SYBIL LEE,UK,2021-08-25
1162,  Mei Hansen ,uk,2020-06-07
1163,Frank Lee,malaysia,2020-11-19
1164,  BAO ADEBAYO,FRANCE,2022-08-24
1165,GRACE ADEBAYO,DK,2023-03-09
1166,  MEI WONG ,dk,2022-04-03
1167,Indira Sato,Singapore,2023-07-14
1168,caleb nguyen,FRANCE,2021-05-15
1169,Trent MILLER,Singapore,2020-05-01
1170,sybil khan,DK,2022-10-07
1171,BIANCA DAVIS  ,in,2024-01-15
1172,Mallory MILLER,my,2019-12-01
1173,ARJUN RODRIGUEZ, sg ,2020-07-13
1174,yusuf garcia  ,in,2019-08-07
1175,nina ng  ,USA,2021-08-21
1176,Zara Lim  ,sg,2022-09-06
1177,ursula pedersen,JAPAN,2023-04-21
1178,kenji koh,US,2022-08-27
1179,KIRAN SCHNEIDER,CN,2019-11-07
1180,Victor Martin,france,2019-10-11
1181,URSULA WONG,CN,2020-01-19
1182,  UMA CHEN,japan,2023-06-09
1183,sybil bernard,JP,2020-08-01
1184,Victor BERNARD,france,2021-01-01
1185,  alice pedersen,US,2020-07-14
1186,aisha liu,SINGAPORE,2020-06-30
1187,  devi lee ,ID,2021-05-26
1188,Farid TEO,japan,2023-07-02
1189,  Arjun Fischer,ID,2024-01-19
1190,Kiran HUANG,MY,2021-06-13
1191,Elena SUZUKI,tw,2022-02-07
1192,Indira Liu,JAPAN,2022-01-31
1193,Tariq JENSEN,china,2023-12-26
1194,Frank Abbas,TW,2019-07-04
1195,tariq liu,denmark,2020-02-16
1196,Xiulan GARCIA,JAPAN,2021-09-03
1197,arjun dubois  ,sg,2023-02-23
1198,Wendy HUANG,malaysia,2022-01-13
1199,Aisha TAN,Taiwan,2023-09-30
1200,Eve Rodriguez,FR,2020-11-19
1201,Bob Martin  ,sg,2021-01-14
1202,  FRANK JOHNSON ,th,2019-06-21
1203,wendy miller,dk,2019-12-28
1204,Omar WILLIAMS  ,DK,2020-12-01
1205,Oscar ABBAS  ,China,2020-06-04
1206,Uma Fischer,Taiwan,2023-04-30
1207,Aisha Lee  ,CN,2022-08-05
1208,ursula okafor,cn,2023-10-12
1209,  Jun Williams ,japan,2022-10-06
1210,  Tariq Huang,USA,2023-03-14
1211,Chen Patel  ,uk,2022-09-14
1212,Ruth Singh,fr,2020-02-13
1213,  bob teo,ID,2024-02-02
1214,  OMAR TEO,ID,2019-07-20
1215,Grace GARCIA  ,in,2022-03-14
1216,  MALLORY WANG ,india,2022-10-01
1217,Liam TEO  ,China,2020-03-07
1218,  Xander NGUYEN ,China,2019-08-12
1219,  TARIQ MUELLER ,th,2021-05-28
1220,GIULIA TAKAHASHI,jp,2022-06-10
1221,eve fischer,US,2020-09-16
1222,  Judy Schneider ,id,2020-11-22
1223,Sybil SCHNEIDER,uk,2023-09-12
1224,Valentina FISCHER  ,thailand,2019-05-25
1225,  DAN LIM,FRANCE,2023-05-09
1226,Ruth Lim, sg ,2022-10-03
1227,Quentin Teo,malaysia,2020-05-31
1228,Zara Wong,fr,2023-02-14
1229,uma brown  ,in,2022-11-27
1230,  Alice Liu,China,2020-10-27
1231,Kenji Teo,ID,2019-12-15
1232,Indira GOH  ,dk,2020-03-26
1233,jun goh,thailand,2023-07-03
1234,mallory okafor,CN,2020-03-29
1235,Judy PATEL  ,SG,2022-05-01
1236,NINA GARCIA,FRANCE,2024-02-13
1237,  Bao LIU,denmark,2020-12-07
1238,Elena Brown,in,2022-05-20
1239,Uma Patel,SINGAPORE,2020-09-18
1240,Xander KUMAR,my,2020-08-12
1241,Nina Pedersen,jp,2023-06-14
1242,dan garcia,Taiwan,2022-05-25
1243,JUN WONG  ,IN,2019-09-05
1244,Sybil Kumar,ID,2021-04-04
1245,Yara Patel,tw,2019-11-27
1246,Alice PEDERSEN  ,Taiwan,2023-09-29
1247,Dan Adebayo  ,US,2022-07-12
1248,farid johnson,cn,2022-02-13
1249,  Xander Dubois ,GB,2024-01-18
1250,Tariq WILLIAMS,malaysia,2020-09-01
1251,leila adebayo  ,USA,2022-03-10
1252,TRENT LIU,JAPAN,2021-10-22
1253,Valentina Singh  ,DK,2019-08-18
1254,  chen fischer,usa,2021-03-02
1255,XANDER WILLIAMS,SINGAPORE,2021-04-17
1256,Heidi Wang,FRANCE,2022-12-06
1257,  Carol Lee,UK,2021-10-08
1258,giulia teo,FRANCE,2021-06-29
1259,Oscar YAMAMOTO,tw,2019-06-15
1260,Carol Williams  ,JAPAN,2019-07-02
1261,Omar Davis,US,2021-05-30
1262,Bob TAN,USA,2019-08-09
1263,JUN ANDERSEN,in,2019-12-16
1264,PEGGY SATO,fr,2024-01-15
1265,FARID OKAFOR,China,2019-12-22
1266,Wendy LIM, sg ,2021-07-03
1267,  Daniela SATO ,JAPAN,2023-05-10
1268,  Chen Bernard,SINGAPORE,2022-02-24
1269,Kenji Andersen  ,indonesia,2021-09-03
1270,Giulia TAN, sg ,2020-03-20
1271,NINA MUELLER  ,my,2023-08-19
1272,WENDY PATEL,JAPAN,2023-03-18
1273,Zara Johnson,uk,2022-02-03
1274,Elena Schneider,UK,2022-06-03
1275,Ursula Mueller  ,UK,2023-04-20
1276,  Judy Martin,SG,2020-07-05
1277,  Farid MUELLER,USA,2022-10-20
1278,  Tariq SUZUKI,JP,2023-09-28
1279,OMAR SUZUKI,jp,2019-12-06
1280,  ELENA DAVIS ,US,2021-03-25
1281,WENDY TEO  ,indonesia,2021-01-27
1282,  valentina huang ,UK,2022-01-01
1283,  Yusuf Brown ,FR,2022-01-31
1284,arjun mueller,id,2022-09-17
1285,  VICTOR MILLER,denmark,2023-02-12
1286,Xiulan Smith,gb,2022-02-22
1287,Indira Lee  ,GB,2021-07-29
1288,Ursula Wang,IN,2021-08-09
1289,Wendy ABBAS  ,JP,2022-12-01
1290,Omar Yamamoto,id,2022-02-13
1291,liam williams,fr,2022-03-20
1292,OSCAR ABBAS,uk,2020-02-23
1293,arjun koh,gb,2019-11-02
1294,Judy MILLER,JAPAN,2020-10-05
1295,  Yusuf Khan,jp,2020-10-30
1296,  Liam Takahashi,UK,2022-06-25
1297,Caleb MILLER,SINGAPORE,2023-09-15
1298,Zach Abbas,SINGAPORE,2023-06-11
1299,  Jun Chen ,gb,2023-02-04
1300,caleb mueller,China,2022-12-14
1301,Eve CHEN,gb,2023-10-29
1302,Judy Abbas,cn,2024-01-07
1303,Trent RODRIGUEZ,jp,2021-12-15
1304,ARJUN MILLER,uk,2021-02-11
1305,OMAR RODRIGUEZ,ID,2020-05-09
1306,xiulan yamamoto,india,2020-07-08
1307,yusuf koh,China,2023-01-05
1308,Yara WONG,TH,2019-07-29
1309,Tariq JOHNSON,US,2022-01-02
1310,Kiran SMITH  ,CN,2022-03-09
1311,NOA NGUYEN,China,2020-11-30
1312,ELENA DAVIS,ID,2021-10-21
1313,  Zara TAKAHASHI,cn,2020-07-11
1314,IVAN ADEBAYO,indonesia,2022-01-12
1315,Bianca WONG,IN,2019-09-28
1316,Heidi Miller,thailand,2024-01-01
1317,priya patel,USA,2021-05-07
1318,Elena Wong,DK,2020-05-30
1319,  QUENTIN SINGH,USA,2023-07-25
1320,OSCAR GOH,SINGAPORE,2020-11-29
1321,GRACE MARTIN,TW,2021-04-15
1322,  HARUTO WONG ,TW,2021-09-11
1323,Quentin SCHNEIDER,IN,2019-06-06
1324,Arjun Abbas,SINGAPORE,2019-08-19
1325,peggy zhang  ,indonesia,2021-12-02
1326,VALENTINA TAKAHASHI,SINGAPORE,2020-11-01
1327,CAROL HANSEN  ,TW,2023-12-24
1328,peggy huang,tw,2023-06-23
1329,Trent PEDERSEN,th,2019-10-26
1330,Sybil Fischer,Singapore,2022-01-16
1331,aisha suzuki,JAPAN,2023-12-01
1332,Mallory Fischer,FR,2022-03-17
1333,  CHEN YAMAMOTO,JAPAN,2021-02-05
1334,Judy PEDERSEN,TH,2022-07-20
1335,  ursula williams ,jp,2023-08-22
1336,  ursula teo,india,2019-11-28
1337,Indira KHAN,Singapore,2023-07-01
1338,Jun Ho,france,2020-05-06
1339,ruth pedersen,uk,2019-11-13
1340,  Arjun Lim ,DK,2024-01-16
1341,SATOSHI TAKAHASHI  ,thailand,2020-12-16
1342,  Bianca Garcia,id,2020-08-30
1343,URSULA NG,malaysia,2021-08-07
1344,SYBIL LIU,gb,2021-09-21
1345,uma singh  ,IN,2023-04-10
1346,MALLORY SUZUKI,TH,2022-02-24
1347,Liam KOH,indonesia,2020-06-27
1348,Kiran Hansen,th,2023-01-10
1349,RUTH JENSEN,malaysia,2019-09-30
1350,Satoshi Koh,th,2022-09-12
1351,Dan ZHANG,TW,2020-02-18
1352,WEI GARCIA  ,ID,2021-12-15
1353,GRACE ADEBAYO,JP,2022-01-07
1354,Mallory Sato  ,id,2022-09-11
1355,  Noa Brown ,malaysia,2024-01-07
1356,  Bianca Goh,Taiwan,2022-01-02
1357,Victor DUBOIS,ID,2019-07-01
1358,UMA FISCHER,gb,2022-07-06
1359,INDIRA HANSEN,Singapore,2019-10-05
1360,  Zach Yamamoto,CN,2023-09-07
1361,RUTH SINGH,malaysia,2022-05-23
1362,XANDER LEE,jp,2021-10-19
1363,KIRAN TEO,SINGAPORE,2023-11-10
1364,RAJESH ANDERSEN,GB,2022-08-19
1365,ursula lee,us,2019-10-01
1366,LEILA HANSEN  ,IN,2020-01-11
1367,  Eve Kumar,japan,2023-09-17
1368,  VALENTINA SATO,th,2022-12-11
1369,Indira Fischer,SINGAPORE,2022-08-11
1370,BAO RODRIGUEZ,TH,2024-03-05
1371,  CHEN SINGH,GB,2021-07-07
1372,  Grace LEE,IN,2022-08-24
1373,  Xander KHAN,UK,2019-08-12
1374,  ZARA WANG,usa,2021-04-20
1375,Carol Nguyen,TH,2020-03-08
1376,  Zara Williams,china,2023-08-20
1377,Nina ADEBAYO, sg ,2021-08-08
1378,Sybil HO,us,2021-09-18
1379,daniela smith,china,2020-11-16
1380,ivan takahashi,US,2023-08-19
1381,Ursula PEDERSEN,FR,2019-10-02
1382,  Liam Wong ,india,2020-11-28
1383,Valentina Koh,dk,2021-06-15
1384,FRANK PEDERSEN,my,2022-11-11
1385,  ivan miller , sg ,2022-03-10
1386,ELENA WONG,denmark,2020-02-06
1387,  FARID SATO ,JAPAN,2020-12-27
1388,Bianca Huang,FR,2020-05-05
1389,URSULA NGUYEN  ,ID,2020-10-06
1390,  ivan wang ,th,2023-09-02
1391,Jun Miller,SG,2023-04-25
1392,  LIAM LEE,uk,2022-03-21
1393,  Rajesh WONG ,Singapore,2023-10-10
1394,Nina Ng  ,MY,2021-05-21
1395,Oscar Miller,SG,2020-11-20
1396,Zara KHAN  ,us,2020-02-10
1397,alice okafor,FR,2019-07-01
1398,xiulan tan,TH,2021-07-09
1399,Judy WONG,China,2020-11-19
1400,XIULAN KOH  ,USA,2023-04-03
1401,farid hansen  ,DK,2019-10-12
1402,GRACE MILLER,us,2021-11-27
1403,Priya LEE,ID,2023-09-24
1404,Alice Bernard,TW,2023-02-07
1405,Kiran GOH,SINGAPORE,2023-11-29
1406,caleb singh,jp,2023-06-01
1407,nina fischer,us,2023-03-16
1408,QUENTIN KUMAR,GB,2019-07-03
1409,Peggy Martin,malaysia,2021-02-16
1410,XANDER MUELLER,jp,2020-06-30
1411,  kiran singh, sg ,2022-10-29
1412,arjun nguyen,TH,2022-04-30
1413,Liam Takahashi,CN,2021-05-20
1414,Grace Goh  ,thailand,2022-07-24
1415,ZACH TEO,usa,2019-10-26
1416,Priya FISCHER,usa,2021-10-21
1417,  Indira Chen,japan,2020-12-01
1418,OMAR LEE,FRANCE,2021-08-08
1419,  FRANK NG,cn,2021-07-31
1420,Dan Ho,IN,2023-04-18
1421,Frank PEDERSEN,france,2020-03-30
1422,DAN SINGH,france,2024-02-12
1423,Nina Smith,China,2023-05-27
1424,  ELENA ANDERSEN,CN,2021-10-10
1425,Nina Mueller,denmark,2021-10-18
1426,Chen SMITH,japan,2019-12-07
1427,  WENDY MARTIN ,Taiwan,2021-10-07
1428,  kenji williams ,gb,2020-11-05
1429,  KIRAN DUBOIS ,my,2020-01-10
1430,HEIDI HUANG,id,2023-02-16
1431,carol liu,denmark,2021-11-03
1432,  eve nguyen ,GB,2023-03-11
1433,URSULA LEE,my,2022-09-03
1434,IVAN SINGH  ,USA,2022-09-30
1435,  Carol RODRIGUEZ,TH,2019-10-08
1436,  Bob Ng ,france,2021-08-24
1437,satoshi garcia,SINGAPORE,2021-05-20
1438,GRACE RODRIGUEZ,US,2019-11-14
1439,Bianca PATEL,USA,2021-05-24
1440,  Giulia Mueller,denmark,2023-08-04
1441,  ARJUN WONG,japan,2022-05-27
1442,Satoshi Huang,th,2021-09-03
1443,Victor Tan,UK,2022-08-01
1444,  kenji liu,DK,2019-08-13
1445,  KIRAN WONG,JP,2021-12-12
1446,ursula wong,th,2022-12-02
1447,Bob Takahashi,china,2020-10-31
1448,Noa Schneider,MY,2021-12-25
1449,Uma TAN,india,2024-01-20
1450,Mei Chen,SINGAPORE,2020-04-21
1451,ARJUN TEO,in,2020-11-27
1452,priya zhang,in,2020-12-25
1453,  CAROL TEO,TH,2020-01-24
1454,Kenji Rodriguez,india,2021-07-29
1455,Judy Martin  ,jp,2021-06-07
1456,Carol HANSEN,malaysia,2020-01-05
1457,  Eve Ng ,india,2022-03-30
1458,frank williams,france,2022-06-15
1459,eve johnson,ID,2023-11-02
1460,  Zara KHAN ,indonesia,2020-01-20
1461,daniela patel,FRANCE,2022-04-06
1462,judy huang  ,france,2022-07-08
1463,sybil nguyen,denmark,2021-07-26
1464,Nina Brown  ,tw,2020-07-05
1465,  Heidi Davis,MY,2023-07-31
1466,Victor Davis,TH,2019-11-02
1467,  Chen Liu ,france,2023-07-02
1468,Sybil Chen,sg,2019-06-05
1469,Haruto MARTIN,SG,2020-12-28
1470,zach teo,GB,2022-01-11
1471,Heidi PATEL  ,fr,2023-10-12
1472,Mallory SINGH,USA,2023-06-17
1473,arjun ho,IN,2020-09-10
1474,Sybil Liu  ,US,2020-11-14
1475,RAJESH TAKAHASHI,China,2020-03-08
1476,IVAN DUBOIS,malaysia,2020-05-20
1477,zara lee,JP,2023-04-19
1478,Kiran KOH  ,us,2019-07-28
1479,  MALLORY CHEN ,france,2022-08-08
1480,quentin huang  ,my,2023-03-10
1481,IVAN DAVIS,China,2021-05-21
1482,Aisha Teo,TH,2023-05-17
1483,  IVAN MUELLER ,Taiwan,2022-06-19
1484,  devi wang ,thailand,2023-05-07
1485,  bob takahashi,usa,2022-01-17
1486,  Ursula WANG,USA,2024-02-29
1487,Sybil CHEN  ,thailand,2020-06-13
1488,Bao SCHNEIDER,FR,2021-05-09
1489,QUENTIN KUMAR,UK,2021-10-24
1490,ALICE ABBAS,fr,2023-09-12
1491,xander jensen,Taiwan,2022-11-25
1492,Omar Wang,IN,2022-07-18
1493,jun okafor,in,2024-02-07
1494,Indira Okafor  ,JP,2023-08-16
1495,  Bao GOH,JAPAN,2023-12-10
1496,Peggy Lim,th,2023-07-29
1497,Mei GARCIA,ID,2024-03-10
1498,  SATOSHI YAMAMOTO , sg ,2023-04-15
1499,  Mei PEDERSEN ,fr,2021-03-15
1500,  carol hansen ,SG,2023-05-15
1501,uma williams,uk,2021-08-21
1502,HEIDI ADEBAYO,indonesia,2019-07-06
1503,Dan Huang,JAPAN,2022-06-03
1504,Dan LIM,China,2023-12-21
1505,ALICE KHAN,MY,2020-02-04
1506,Liam Ng  ,france,2019-10-25
1507,Giulia ADEBAYO,TW,2021-09-25
1508,BOB HUANG  ,gb,2020-12-23
1509,Elena Singh,GB,2022-03-07
1510,kenji nguyen,thailand,2023-05-10
1511,  TARIQ RODRIGUEZ,Singapore,2022-10-21
1512,Bianca Garcia,malaysia,2019-08-05
1513,Eve Koh,GB,2020-04-17
1514,Wei Singh,GB,2021-07-30
1515,ZARA SUZUKI,SG,2021-01-16
1516,Caleb BROWN,jp,2020-06-10
1517,  Aisha Fischer,DK,2021-06-26
1518,Chen Abbas  ,fr,2021-02-23
1519,  Bob Williams,fr,2021-08-07
1520,Bob Wang,denmark,2019-10-03
1521,Giulia Hansen,usa,2019-11-16
1522,Mallory Ng,SG,2021-12-14
1523,MALLORY KUMAR,JAPAN,2020-10-22
1524,Rajesh Miller,india,2019-06-02
1525,Eve Wang,france,2022-12-03
1526,MEI FISCHER  ,th,2023-04-03
1527,ivan tan,Singapore,2022-01-13
1528,wendy koh,TW,2019-08-19
1529,Ivan ADEBAYO,TH,2020-07-26
1530,Kiran Kumar,france,2022-01-12
1531,  quentin tan ,usa,2023-05-13
1532,Bianca Zhang,FR,2021-09-13
1533,Ursula ZHANG,denmark,2022-05-27
1534,Devi Williams,GB,2019-12-23
1535,giulia mueller,france,2020-08-08
1536,  PRIYA JOHNSON,MY,2022-01-29
1537,liam singh,US,2020-11-15
1538,Ursula Rodriguez,indonesia,2019-08-27
1539,DAN WONG  ,FRANCE,2020-04-12
1540,Alice BROWN  ,ID,2023-05-15
1541,Mei RODRIGUEZ,UK,2019-09-30
1542,Daniela BERNARD,uk,2021-02-23
1543,  MALLORY DUBOIS ,denmark,2021-08-19
1544,  ivan khan ,FR,2022-05-07
1545,Wei WONG  ,TH,2020-08-11
1546,Nina Nguyen,usa,2021-10-21
1547,  Bianca Wang ,JP,2022-01-09
1548,Uma Fischer,GB,2019-09-12
1549,Bianca GOH,US,2023-04-30
1550,Mei Lee,JP,2023-07-12
1551,Sybil Andersen,in,2021-04-28
1552,RUTH NGUYEN,gb,2023-04-29
1553,Trent Rodriguez,thailand,2021-07-30
1554,  priya williams ,denmark,2024-03-04
1555,XIULAN KHAN,Singapore,2020-07-01
1556,bob pedersen  ,TH,2020-04-08
1557,Ursula Liu,CN,2021-02-28
1558,Zara GOH,thailand,2020-04-08
1559,Arjun KOH,SINGAPORE,2023-04-13
1560,Aisha Wang,sg,2023-06-25
1561,Ivan GOH  ,tw,2022-02-12
1562,EVE MUELLER,id,2019-05-06
1563,satoshi okafor,GB,2022-12-10
1564,  Indira TAKAHASHI,ID,2023-02-25
1565,ARJUN SUZUKI,USA,2019-12-13
1566,  YARA JENSEN,Taiwan,2020-02-22
1567,Ruth JOHNSON,thailand,2023-04-07
1568,Arjun ZHANG,FRANCE,2019-08-23
1569,Bob Mueller  ,malaysia,2023-01-22
1570,Caleb NG,france,2020-01-17
1571,  Bianca Yamamoto,US,2022-03-19
1572,Mei Dubois,dk,2021-03-21
1573,Arjun Zhang,Taiwan,2021-01-12
1574,  CHEN KHAN,TH,2023-09-29
1575,Xiulan Goh,IN,2021-03-21
1576,Aisha NGUYEN,MY,2023-12-16
1577,Valentina Davis,id,2020-04-10
1578,ursula ho,cn,2019-10-20
1579,Giulia Takahashi,JP,2019-07-27
1580,Nina Singh  ,my,2022-05-08
1581,sybil fischer,US,2023-05-14
1582,Caleb Bernard,us,2019-06-02
1583,  Leila NG ,india,2020-10-21
1584,WENDY MUELLER  ,DK,2019-07-05
1585,arjun rodriguez,Singapore,2023-12-20
1586,Bao Jensen,tw,2019-07-25
1587,oscar wang,GB,2020-07-26
1588,  LEILA JENSEN ,jp,2024-02-29
1589,YARA KHAN,usa,2019-07-17
1590,  Eve Zhang ,Taiwan,2019-11-01
1591,Kenji NGUYEN  ,france,2021-12-28
1592,  Arjun Bernard ,MY,2023-03-21
1593,Omar Tan  ,CN,2020-04-23
1594,Bob Lee,indonesia,2022-08-30
1595,Trent GOH,ID,2021-02-18
1596,  judy kumar , sg ,2023-01-01
1597,Aisha Martin  ,sg,2019-11-18
1598,ZACH WONG,fr,2020-12-12
1599,liam miller,france,2020-07-05
1600,Mei Martin,China,2020-12-30
1601,  JUDY HO,fr,2019-11-25
1602,Caleb Schneider,denmark,2023-12-30
1603,  URSULA ADEBAYO,Singapore,2020-02-07
1604,INDIRA HO,malaysia,2019-11-18
1605,  VICTOR PEDERSEN ,Taiwan,2020-12-11
1606,VALENTINA TAN,china,2022-09-13
1607,Elena Patel,CN,2022-07-11
1608,QUENTIN SMITH,GB,2022-05-21
1609,  Daniela Lim,JAPAN,2022-10-04
1610,  Eve Kumar,japan,2019-09-18
1611,JUN GOH,SG,2022-07-21
1612,OMAR CHEN,Singapore,2023-05-07
1613,Dan Huang,FR,2023-10-10
1614,Aisha LIM,FR,2023-08-03
1615,quentin adebayo,FR,2023-03-21
1616,Haruto Sato  ,my,2024-02-20
1617,NOA OKAFOR, sg ,2019-10-18
1618,  Devi Andersen ,SINGAPORE,2021-04-12
1619,Daniela SMITH  ,thailand,2021-07-24
1620,JUN TAN,fr,2020-03-13
1621,Bob Andersen  ,denmark,2019-12-10
1622,HARUTO ZHANG,denmark,2019-07-12
1623,Omar SUZUKI,malaysia,2021-02-24
1624,  quentin sato,US,2020-11-04
1625,HARUTO ABBAS,gb,2019-05-01
1626,Jun BERNARD,cn,2023-05-10
1627,  zara sato,denmark,2020-07-07
1628,Devi SCHNEIDER  ,france,2024-01-26
1629,  JUN RODRIGUEZ ,gb,2023-03-23
1630,Leila OKAFOR,TW,2020-11-03
1631,rajesh wong  ,IN,2020-02-12
1632,Ursula TAN,FRANCE,2023-04-05
1633,  peggy ho,malaysia,2023-06-02
1634,  Heidi Sato ,id,2022-11-05
1635,Omar CHEN,FR,2019-06-07
1636,ruth okafor,USA,2023-06-11
1637,EVE DUBOIS,indonesia,2020-04-16
1638,Yara HANSEN,UK,2020-02-01
1639,  caleb davis ,thailand,2022-04-12
1640,Kiran Davis  ,TH,2023-05-27
1641,  Priya Lim , sg ,2021-05-22
1642,  Noa Tan,jp,2021-06-25
1643,VICTOR SINGH,in,2020-02-15
1644,Eve Teo  ,CN,2020-10-12
1645,Alice Brown,my,2022-05-06
1646,rajesh adebayo,thailand,2021-08-15
1647,  frank lee ,JAPAN,2020-09-30
1648,satoshi tan,dk,2020-08-05
1649,  xiulan nguyen,MY,2019-05-08
1650,ARJUN LIU,US,2020-02-23
1651,  Devi Singh,JAPAN,2021-12-22
1652,Kiran Kumar,malaysia,2020-07-22
1653,  Aisha Brown,malaysia,2021-03-17
1654,DAN BERNARD,usa,2022-12-07
1655,  Aisha Zhang ,malaysia,2019-05-09
1656,  QUENTIN RODRIGUEZ ,SINGAPORE,2020-10-10
1657,Oscar Johnson  ,US,2023-05-13
1658,  Liam Zhang ,IN,2020-12-21
1659,  Kenji Wang,JAPAN,2022-10-06
1660,Chen Yamamoto  ,usa,2020-04-28
1661,Liam Williams,tw,2023-01-24
1662,  Leila Wang,cn,2021-06-03
1663,Liam Zhang  ,UK,2020-05-07
1664,  Eve Liu,dk,2023-01-04
1665,peggy liu,indonesia,2023-09-10
1666,Xiulan Jensen,gb,2022-02-03
1667,GRACE SMITH,denmark,2023-07-01
1668,Giulia Wang,india,2019-09-01
1669,  Jun Kumar,DK,2020-09-03
1670,Mei Lee,MY,2020-07-14
1671,GIULIA GOH,thailand,2023-02-21
1672,Wei GOH,indonesia,2021-03-04
1673,xander nguyen,ID,2023-11-15
1674,  zach garcia ,SG,2023-10-21
1675,Satoshi ADEBAYO,malaysia,2021-04-10
1676,  CALEB NGUYEN,fr,2019-06-22
1677,Wendy Okafor,fr,2023-11-16
1678,Xiulan OKAFOR  ,malaysia,2023-08-27
1679,Omar NGUYEN,cn,2019-11-17
1680,Wei Lee,denmark,2021-04-25
1681,quentin suzuki,india,2019-10-15
1682,Tariq Lee,sg,2020-11-20
1683,xiulan johnson,china,2021-06-24
1684,  yara mueller,th,2023-09-07
1685,Kenji JENSEN  ,JAPAN,2020-09-25
1686,Quentin Rodriguez,UK,2021-05-09
1687,Heidi DAVIS,JAPAN,2020-11-06
1688,URSULA TAN,GB,2020-12-25
1689,RAJESH LIM,US,2019-06-14
1690,NOA FISCHER,JP,2021-12-07
1691,Peggy Brown,US,2021-02-14
1692,Bob TAKAHASHI,TH,2021-04-21
1693,Zara JOHNSON,china,2021-11-24
1694,BOB SMITH,china,2020-10-05
1695,Valentina Dubois,TW,2019-06-09
1696,Caleb LIM,TH,2020-12-21
1697,GRACE NG,JAPAN,2019-11-17
1698,Sybil HANSEN,DK,2021-04-09
1699,  Ursula Zhang ,JAPAN,2021-04-14
1700,Ruth Okafor  ,ID,2022-12-28
1701,Ursula Rodriguez,SINGAPORE,2022-12-28
1702,Victor GARCIA,MY,2020-03-05
1703,Haruto PATEL,China,2022-08-24
1704,  QUENTIN LIM ,TW,2019-06-17
1705,Liam CHEN,sg,2021-04-16
1706,  DANIELA GARCIA, sg ,2020-05-04
1707,AISHA KOH,my,2024-01-11
1708,Xander Wong,TW,2020-02-29
1709,WEI ZHANG,thailand,2021-11-01
1710,Frank NG,us,2023-07-03
1711,TARIQ NG,CN,2020-11-05
1712,KENJI DAVIS,uk,2020-12-22
1713,daniela sato,TW,2022-01-17
1714,  INDIRA ANDERSEN,us,2023-09-15
1715,Noa SCHNEIDER,malaysia,2022-07-11
1716,Oscar Dubois,cn,2022-03-16
1717,tariq lim,China,2022-07-02
1718,  Victor PATEL ,th,2019-04-27
1719,WENDY HUANG,CN,2021-11-16
1720,bianca patel,FR,2021-08-01
1721,Indira Koh,jp,2022-12-02
1722,OMAR BROWN  ,SINGAPORE,2019-08-20
1723,Trent KUMAR,thailand,2020-11-07
1724,Mei Garcia,SINGAPORE,2019-10-25
1725,peggy liu,th,2020-05-14
1726,Peggy SATO,th,2022-10-28
1727,  XIULAN GARCIA , sg ,2022-04-28
1728,Noa Dubois,DK,2021-07-31
1729,Liam Schneider,CN,2022-04-19
1730,Alice Okafor,sg,2023-04-18
1731,Giulia SATO  ,SG,2019-11-11
1732,elena chen,ID,2021-09-28
1733,PRIYA MARTIN,fr,2021-12-05
1734,Sybil Lim  ,US,2020-04-20
1735,  victor miller ,china,2022-07-09
1736,Arjun LIM,FR,2021-10-31
1737,Quentin Patel  ,ID,2024-01-25
1738,  Caleb Koh,SG,2020-07-31
1739,indira kumar,DK,2020-05-29
1740,Alice LIM,us,2021-11-01
1741,Sybil DAVIS,id,2022-01-09
1742,Leila Pedersen  ,FRANCE,2023-09-20
1743,Carol NGUYEN,thailand,2021-10-28
1744,Carol Smith,japan,2019-11-16
1745,CALEB TAN,tw,2019-11-29
1746,Chen Lee  ,ID,2020-09-12
1747,  Mallory Goh,jp,2022-02-17
1748,Tariq Liu,dk,2023-07-11
1749,Victor BERNARD,ID,2019-10-26
1750,quentin abbas,dk,2019-10-05
1751,LIAM MILLER,france,2021-11-19
1752,Ruth Teo  ,usa,2019-09-21
1753,Haruto ANDERSEN,gb,2022-09-13
1754,Oscar SMITH,india,2022-08-30
1755,  Jun DAVIS,USA,2021-05-31
1756,  Eve MILLER,CN,2019-05-04
1757,  BIANCA ADEBAYO,in,2021-09-20
1758,  Zach Williams ,france,2022-08-17
1759,Oscar Andersen,JAPAN,2021-01-23
1760,Bao JOHNSON,cn,2020-01-10
1761,Giulia Teo,japan,2022-07-24
1762,Judy Jensen,CN,2022-07-03
1763,Judy TAKAHASHI  ,indonesia,2024-03-19
1764,Leila BROWN,tw,2020-03-24
1765,  VALENTINA NG ,China,2019-09-13
1766,Judy Martin, sg ,2022-08-23
1767,Sybil Brown,CN,2019-06-07
1768,Leila Okafor,uk,2023-06-10
1769,victor lim,FR,2020-06-23
1770,Peggy TAN,us,2020-03-26
1771,liam patel,US,2023-06-09
1772,Dan Suzuki,FR,2022-03-06
1773,  sybil ng ,cn,2020-06-18
1774,Zach Koh,TW,2021-08-26
1775,XANDER SCHNEIDER  , sg ,2020-09-29
1776,  Sybil Rodriguez ,france,2022-12-16
1777,valentina davis,JAPAN,2021-04-29
1778,Oscar Nguyen,id,2020-01-07
1779,Giulia Hansen,JP,2019-06-22
1780,  MEI SCHNEIDER,DK,2021-10-27
1781,DANIELA MARTIN,fr,2021-04-06
1782,ivan goh,uk,2021-03-13
1783,  Ursula Suzuki,malaysia,2021-07-26
1784,JUDY MARTIN,CN,2023-11-04
1785,Victor Okafor,gb,2021-12-15
1786,  FARID GOH ,US,2021-11-20
1787,DEVI DAVIS,China,2020-04-15
1788,indira brown  ,FR,2019-10-18
1789,  Wendy JOHNSON,my,2023-11-08
1790,  Sybil Martin ,Taiwan,2023-02-25
1791,  BAO LIM ,jp,2023-05-21
1792,Peggy Tan,Taiwan,2023-05-14
1793,  NOA SATO ,sg,2021-07-08
1794,CALEB MARTIN,Taiwan,2023-09-21
1795,Mallory Lim,GB,2024-01-13
1796,rajesh hansen,GB,2023-10-08
1797,Farid Chen,id,2023-08-15
1798,jun chen,jp,2022-11-15
1799,  TRENT SINGH,CN,2024-01-14
1800,Valentina JENSEN,uk,2019-05-17
1801,NOA SATO,in,2023-12-11
1802,Zara Suzuki,jp,2023-12-06
1803,Victor HUANG,FRANCE,2023-08-27
1804,  Grace KUMAR,TW,2021-07-31
1805,farid okafor,india,2020-01-06
1806,Zach Andersen,in,2022-08-26
1807,Rajesh Takahashi  ,MY,2023-07-06
1808,Xander Suzuki,FRANCE,2023-05-06
1809,Liam Abbas,cn,2023-02-24
1810,  trent williams,indonesia,2019-11-18
1811,omar wong,thailand,2021-03-22
1812,Sybil Pedersen  ,Singapore,2021-08-07
1813,  Noa ANDERSEN,US,2023-12-14
1814,Daniela TAN,indonesia,2021-07-27
1815,SYBIL KUMAR,JAPAN,2023-03-08
1816,JUN SATO,indonesia,2023-01-09
1817,bao schneider,us,2021-10-10
1818,  Aisha BERNARD ,uk,2020-08-02
1819,PEGGY NG,france,2023-05-04
1820,TRENT NG,usa,2019-05-15
1821,Carol Huang  ,tw,2021-02-09
1822,ZARA SMITH,sg,2021-01-11
1823,Caleb DUBOIS,denmark,2022-03-05
1824,Tariq Huang,my,2023-08-13
1825,heidi huang,SINGAPORE,2021-03-04
1826,daniela smith,in,2022-07-02
1827,  Peggy Fischer,IN,2020-02-20
1828,Bianca Schneider  ,denmark,2023-08-29
1829,Priya Nguyen  ,GB,2024-01-25
1830,XANDER ADEBAYO  ,india,2019-08-17
1831,Eve Sato,th,2022-05-01
1832,JUDY GOH,China,2021-10-27
1833,Kiran Schneider,dk,2023-08-27
1834,TARIQ ZHANG, sg ,2020-12-22
1835,Kiran HO,thailand,2023-01-10
1836,Arjun Teo,cn,2020-09-13
1837,  Bao Khan,japan,2021-05-08
1838,wendy zhang,US,2023-06-13
1839,Caleb Suzuki,tw,2019-07-08
1840,  Caleb Ng,SINGAPORE,2020-12-06
1841,  VALENTINA HO ,th,2022-06-05
1842,Elena Rodriguez,malaysia,2020-03-30
1843,  AISHA WILLIAMS ,india,2019-11-02
1844,  leila huang ,cn,2023-08-12
1845,sybil lee,CN,2020-09-12
1846,Wendy Okafor,thailand,2021-10-29
1847,  RAJESH FISCHER,JAPAN,2021-04-19
1848,Devi Takahashi,gb,2022-01-31
1849,Uma Teo,GB,2023-01-14
1850,  NOA LEE,india,2022-03-31
1851,arjun hansen,jp,2022-11-01
1852,Zara ANDERSEN,th,2021-03-26
1853,  QUENTIN ADEBAYO,ID,2020-03-25
1854,Dan Garcia,GB,2021-06-08
1855,Elena Schneider,fr,2022-04-14
1856,Rajesh Nguyen,cn,2022-04-16
1857,  Daniela JOHNSON,th,2021-06-19
1858,  giulia hansen,USA,2022-08-26
1859,Bao Dubois  ,cn,2023-04-17
1860,Haruto NG  ,france,2020-01-08
1861,yusuf jensen,usa,2020-11-01
1862,  Oscar SATO,indonesia,2020-12-30
1863,  Bob Fischer,US,2022-02-09
1864,Carol Lim,tw,2021-01-05
1865,  TARIQ BERNARD ,SG,2022-05-08
1866,omar goh,FRANCE,2023-02-05
1867,  haruto wong ,malaysia,2021-07-05
1868,  Xiulan WILLIAMS,fr,2020-11-12
1869,Judy Ng,TW,2019-10-02
1870,NOA NG,China,2020-06-16
1871,frank teo,TW,2021-09-16
1872,  wendy wong,China,2020-07-12
1873,Victor Andersen,thailand,2023-05-01
1874,Uma Teo,gb,2023-08-25
1875,Quentin YAMAMOTO,cn,2023-12-06
1876,Oscar Zhang,SINGAPORE,2022-03-22
1877,Noa Johnson  ,SINGAPORE,2023-03-24
1878,OSCAR HANSEN,cn,2021-04-04
1879,Ruth Koh,ID,2023-08-25
1880,ZACH HO,FRANCE,2020-01-10
1881,  DEVI SMITH,fr,2023-05-16
1882,daniela ng,USA,2019-05-02
1883,kiran koh,IN,2022-04-01
1884,Bob SMITH,IN,2023-08-01
1885,LEILA HO,DK,2022-01-21
1886,indira bernard  ,UK,2021-04-07
1887,carol jensen,jp,2023-01-25
1888,Quentin Patel  ,id,2023-04-29
1889,devi andersen,US,2020-03-10
1890,Trent Abbas,in,2021-10-17
1891,  Peggy Zhang,japan,2023-04-29
1892,VICTOR SUZUKI,China,2020-05-11
1893,Heidi Wang,usa,2019-11-14
1894,Dan Dubois  , sg ,2023-10-28
1895,  PEGGY NG,sg,2019-07-19
1896,WENDY MUELLER,us,2023-08-05
1897,WEI HUANG,jp,2023-01-31
1898,priya bernard,Singapore,2021-02-23
1899,Bob DUBOIS,fr,2020-06-25
1900,Caleb Wong,cn,2020-11-18
1901,  mei zhang ,CN,2023-11-04
1902,uma rodriguez,US,2020-10-27
1903,Wei Ng,denmark,2022-09-17
1904,OSCAR WANG,france,2020-06-16
1905,IVAN LEE,my,2022-05-09
1906,  eve singh ,TH,2020-09-08
1907,Liam Wong,FR,2022-07-20
1908,Grace Adebayo,india,2021-05-13
1909,priya takahashi,DK,2021-02-03
1910,rajesh brown,us,2021-08-17
1911,HARUTO PATEL,usa,2023-09-20
1912,Wendy Fischer,india,2021-05-06
1913,Sybil Okafor,jp,2020-08-28
1914,Nina Martin,US,2020-05-07
1915,Liam HO  ,id,2019-08-17
1916,Nina Fischer,US,2020-04-16
1917,Jun YAMAMOTO  ,DK,2020-06-12
1918,Eve Singh  ,GB,2020-01-27
1919,  Bao PEDERSEN,us,2023-06-04
1920,Omar Suzuki,india,2023-04-12
1921,ALICE LIM,jp,2021-12-31
1922,Arjun WONG  ,ID,2023-02-14
1923,Devi BROWN,in,2020-01-27
1924,  Mei Jensen,thailand,2022-12-10
1925,Ursula PATEL,japan,2019-05-26
1926,  Haruto FISCHER,id,2021-08-03
1927,QUENTIN SINGH,indonesia,2023-12-31
1928,  Frank Fischer,jp,2019-04-28
1929,  arjun patel,jp,2022-01-30
1930,Xiulan Lim,uk,2021-06-06
1931,EVE SATO,in,2023-07-28
1932,Farid Huang  ,MY,2019-12-15
1933,  Yusuf ANDERSEN ,fr,2019-07-25
1934,Wendy Abbas,uk,2021-06-11
1935,OMAR LEE,US,2020-12-19
1936,  BIANCA SINGH,MY,2021-07-19
1937,Ursula Koh,TH,2019-06-09
1938,Heidi Tan,uk,2022-09-07
1939,Bao RODRIGUEZ,fr,2021-03-16
1940,  Dan Huang,CN,2021-10-13
1941,ZACH TAKAHASHI, sg ,2022-08-26
1942,Ivan Wang  ,in,2020-02-24
1943,  Valentina TEO ,JP,2023-01-31
1944,priya brown,thailand,2021-03-03
1945,Yara Khan,japan,2021-07-15
1946,dan williams,TH,2022-06-07
1947,trent davis, sg ,2024-03-24
1948,  Sybil JENSEN,denmark,2019-10-07
1949,  NOA SCHNEIDER,my,2022-10-17
1950,  Daniela ABBAS,DK,2021-01-11
1951,zara pedersen,MY,2023-09-02
1952,Dan Mueller,france,2020-07-16
1953,Dan Fischer  ,GB,2023-10-23
1954,bao huang,gb,2019-08-23
1955,Uma Goh,id,2019-09-11
1956,CAROL BERNARD,jp,2021-05-18
1957,Elena TEO,tw,2024-01-09
1958,trent rodriguez  ,uk,2023-05-03
1959,Farid Smith  ,tw,2024-03-16
1960,  TRENT JENSEN,FR,2023-02-15
1961,grace kumar,usa,2019-10-29
1962,trent abbas,FR,2023-08-15
1963,OSCAR ANDERSEN,dk,2022-10-10
1964,Daniela Yamamoto,China,2020-08-20
1965,TRENT SATO,TW,2020-04-01
1966,  Oscar RODRIGUEZ,id,2019-09-13
1967,Leila MUELLER,fr,2020-09-11
1968,NINA WONG,china,2022-12-04
1969,QUENTIN GARCIA,indonesia,2021-10-07
1970,  DANIELA LEE,th,2020-12-13
1971,  LEILA JOHNSON,SG,2022-04-23
1972,Ursula JOHNSON  ,my,2019-08-19
1973,Victor SMITH,China,2023-01-26
1974,  Nina Martin,sg,2020-08-12
1975,Eve Rodriguez,us,2019-07-15
1976,  giulia okafor ,China,2020-04-07
1977,bianca hansen,dk,2022-08-12
1978,  IVAN DAVIS ,US,2022-09-04
1979,Rajesh Abbas,sg,2021-04-15
1980,  Nina Jensen,jp,2021-11-18
1981,ruth jensen,denmark,2020-04-22
1982,Ivan NG  ,GB,2021-03-11
1983,Wendy Williams  ,jp,2024-01-20
1984,Yusuf Miller,USA,2021-01-20
1985,Arjun SINGH,Taiwan,2022-10-16
1986,Wei Sato  ,TW,2022-10-23
1987,Rajesh Ng,Taiwan,2023-01-22
1988,  heidi martin ,DK,2020-10-27
1989,  Caleb Sato,in,2022-06-26
1990,wei williams,china,2022-04-03
1991,devi mueller,id,2024-02-09
1992,YUSUF TEO  ,id,2021-11-12
1993,Farid SCHNEIDER,GB,2023-01-01
1994,Kenji Dubois  ,gb,2020-01-11
1995,Heidi Martin,sg,2023-10-11
1996,QUENTIN SCHNEIDER,denmark,2021-01-25
1997,FARID ANDERSEN,in,2021-03-10
1998,Bao Wong,ID,2022-06-18
1999,  SATOSHI LIU,FR,2022-05-29
2000,  Chen BERNARD ,in,2023-06-24
2001,  Kiran Tan,japan,2023-03-22
2002,  Nina Williams,CN,2019-05-08
2003,MALLORY ANDERSEN,FRANCE,2022-03-31
2004,Leila Adebayo,jp,2022-11-14
2005,Omar Takahashi  ,thailand,2019-12-06
2006,peggy mueller,TW,2020-12-17
2007,JUDY ZHANG,Taiwan,2023-01-12
2008,Giulia WILLIAMS  ,sg,2019-05-25
2009,  Dan Schneider ,in,2023-12-11
2010,KIRAN BROWN,MY,2023-11-30
2011,  Satoshi SINGH,FRANCE,2023-08-27
2012,EVE ADEBAYO,us,2021-04-28
2013,  uma nguyen ,DK,2022-12-06
2014,Arjun ABBAS,france,2022-01-13
2015,arjun abbas,UK,2020-07-01
2016,  KIRAN FISCHER ,MY,2022-03-09
2017,Wendy WONG,UK,2019-06-27
2018,aisha singh,china,2022-01-26
2019,Bianca Martin,indonesia,2020-09-06
2020,giulia abbas,denmark,2022-05-05
2021,BAO GARCIA  ,jp,2021-01-17
2022,Daniela Suzuki,SINGAPORE,2022-10-07
2023,DANIELA KOH,DK,2021-03-19
2024,ruth suzuki,us,2020-11-19
2025,BIANCA WONG,sg,2022-09-30
2026,Farid JOHNSON  ,my,2021-07-08
2027,Satoshi Lim,US,2022-11-24
2028,bianca abbas  ,us,2023-01-26
2029,satoshi kumar,DK,2020-03-07
2030,TARIQ JENSEN,SG,2020-03-24
2031,  PEGGY BROWN,jp,2020-04-24
2032,Sybil HO,SG,2019-09-12
2033,  Noa Chen ,indonesia,2021-08-10
2034,QUENTIN PATEL,jp,2023-09-02
2035,Wei Fischer,malaysia,2022-02-26
2036,OMAR SCHNEIDER  ,TW,2023-07-25
2037,CHEN ABBAS,TH,2020-06-03
2038,Wendy Goh  ,id,2020-09-21
2039,  Noa SATO,denmark,2020-08-16
2040,eve jensen,uk,2023-03-19
2041,BOB DUBOIS,tw,2020-01-15
2042,  WEI BROWN,FR,2019-04-26
2043,ALICE BROWN,Taiwan,2019-08-20
2044,DEVI ANDERSEN,US,2021-07-29
2045,nina lim,india,2020-07-30
2046,Bob Sato  ,Taiwan,2020-01-24
2047,  XIULAN MILLER ,Taiwan,2024-01-02
2048,  Wei Abbas ,SINGAPORE,2020-09-08
2049,Xander Brown,GB,2023-11-18
2050,Chen ABBAS,Taiwan,2019-05-28
2051,Ivan Chen,jp,2020-03-22
2052,YUSUF ZHANG  ,denmark,2022-03-08
2053,Alice Garcia,SINGAPORE,2023-05-13
2054,Yusuf Chen,IN,2022-09-24
2055,Tariq BROWN,TW,2021-06-04
2056,  YARA MILLER ,thailand,2020-11-10
2057,BAO DUBOIS,india,2021-06-27
2058,  Victor Miller,TH,2022-01-02
2059,  kiran wang,in,2020-10-18
2060,trent patel,india,2020-12-31
2061,  Daniela SCHNEIDER,CN,2022-08-20
2062,  Yusuf Kumar,malaysia,2023-12-12
2063,Wendy Ho,SINGAPORE,2023-07-17
2064,Kenji Brown  ,IN,2021-09-24
2065,Nina MILLER,GB,2022-12-22
2066,  Omar Williams,france,2022-11-29
2067,Satoshi Koh,Singapore,2023-10-05
2068,Mei Ho,sg,2022-11-26
2069,Zach Abbas,JAPAN,2020-11-18
2070,Daniela TAN  ,france,2022-04-15
2071,NOA BERNARD,ID,2021-09-20
2072,LEILA HUANG,JAPAN,2021-07-11
2073,  leila mueller,china,2022-09-02
2074,Frank Singh,China,2022-08-18
2075,Trent HANSEN,China,2020-09-26
2076,SATOSHI DUBOIS,SINGAPORE,2020-07-22
2077,EVE FISCHER,JAPAN,2021-08-11
2078,Nina Lee,UK,2022-09-21
2079,haruto okafor,thailand,2019-06-27
2080,  Chen JOHNSON ,fr,2020-08-29
2081,Aisha KHAN,indonesia,2020-01-15
2082,  devi bernard ,IN,2023-11-29
2083,  jun miller,in,2022-10-10
2084,Wei Teo,JP,2019-12-08
2085,Giulia Goh  ,China,2020-08-26
2086,Sybil Singh,USA,2020-12-11
2087,  Wei Smith ,Taiwan,2024-01-23
2088,Wendy Suzuki,uk,2021-08-29
2089,KIRAN LIU,China,2021-12-06
2090,Victor HO,Taiwan,2023-08-15
2091,Kenji Takahashi  ,UK,2021-10-13
2092,Aisha Kumar,Singapore,2022-05-25
2093,Satoshi ADEBAYO,in,2019-10-29
2094,  JUN HUANG,cn,2022-06-14
2095,LEILA CHEN,gb,2019-08-28
2096,  Mei Khan ,CN,2022-02-22
2097,Noa Takahashi  ,id,2023-10-17
2098,xander schneider, sg ,2021-08-29
2099,Satoshi PATEL,china,2023-08-19
2100,DAN KUMAR,ID,2021-12-05
2101,rajesh garcia,IN,2020-07-19
2102,Grace Schneider  ,cn,2022-10-22
2103,yara rodriguez  ,us,2022-01-29
2104,  Aisha Sato,indonesia,2021-01-12
2105,Omar Johnson  ,id,2020-06-04
2106,victor dubois,Singapore,2020-10-10
2107,Eve Wong,SINGAPORE,2023-08-20
2108,Xiulan Lee,SINGAPORE,2021-06-16
2109,  HEIDI GOH,GB,2019-07-15
2110,Alice Takahashi,gb,2023-05-27
2111,Zach BERNARD,JP,2023-07-25
2112,Heidi KHAN,id,2021-09-24
2113,jun patel  ,IN,2020-04-14
2114,Priya Singh  ,jp,2019-12-09
2115,Eve Lee,SG,2020-12-23
2116,  victor ho,IN,2021-11-24
2117,Leila Teo,China,2021-09-19
2118,BOB WANG,China,2020-03-14
2119,  FARID WONG ,FR,2023-03-29
2120,  TARIQ PATEL,dk,2019-05-20
2121,  Xiulan Suzuki,FR,2023-07-08
2122,Bao Patel,dk,2021-09-26
2123,ruth lim,UK,2024-02-12
2124,  Aisha KOH ,denmark,2020-02-10
2125,carol zhang,MY,2022-10-05
2126,ZARA SINGH,TH,2020-09-10
2127,  Alice Wong ,China,2023-03-18
2128,  Bob HANSEN ,dk,2019-05-27
2129,Yara BROWN,malaysia,2020-07-22
2130,SATOSHI BERNARD,usa,2023-01-30
2131,Quentin GARCIA  ,japan,2021-10-02
2132,  DEVI KUMAR ,TH,2021-05-05
2133,zara patel, sg ,2023-09-03
2134,  Mallory JOHNSON ,ID,2021-11-15
2135,TARIQ TAKAHASHI,CN,2023-07-10
2136,DAN PATEL,SINGAPORE,2021-09-27
2137,CHEN HUANG  ,China,2023-05-26
2138,  YARA WONG,Singapore,2019-07-21
2139,Victor PEDERSEN,dk,2021-12-15
2140,Yara Tan,ID,2022-02-13
2141,  bao sato,US,2020-05-22
2142,bao ng,usa,2023-06-05
2143,xiulan okafor,JP,2022-12-31
2144,Omar Suzuki,China,2022-11-04
2145,  Sybil WONG ,TH,2021-06-18
2146,  Sybil Khan ,thailand,2023-08-09
2147,Kiran Sato,denmark,2023-09-18
2148,Priya Huang,TH,2021-01-19
2149,  Farid Brown,fr,2022-10-27
2150,Trent WILLIAMS,france,2021-12-10
2151,  Zach SINGH,dk,2021-05-14
2152,XIULAN DAVIS,cn,2020-11-16
2153,Xander MILLER  ,id,2021-08-18
2154,  UMA NGUYEN ,CN,2020-02-14
2155,Elena Suzuki, sg ,2020-04-01
2156,  bob jensen,Singapore,2019-10-05
2157,YARA KHAN,SG,2022-07-15
2158,Valentina RODRIGUEZ,jp,2021-04-25
2159,Wendy Kumar,thailand,2019-10-15
2160,victor brown  ,uk,2020-03-22
2161,trent goh,malaysia,2021-03-01
2162,Ivan Ng,malaysia,2020-07-11
2163,Oscar Brown,US,2021-08-27
2164,Mei ABBAS,Taiwan,2021-12-16
2165,  Oscar MARTIN,GB,2022-06-28
2166,DAN SMITH  ,japan,2020-12-21
2167,heidi koh,SINGAPORE,2022-10-22
2168,Devi Hansen,CN,2021-03-15
2169,Uma MARTIN  ,ID,2022-02-28
2170,Bianca JENSEN,China,2021-03-02
2171,Grace BERNARD,US,2022-12-23
2172,mei lim,DK,2021-08-01
2173,PEGGY JENSEN,thailand,2020-11-21
2174,ELENA RODRIGUEZ,thailand,2023-06-18
2175,xiulan khan,in,2022-06-24
2176,Trent BERNARD,JAPAN,2019-07-06
2177,  KENJI WANG ,uk,2019-12-24
2178,Satoshi KUMAR,CN,2019-09-16
2179,  CALEB JENSEN,gb,2019-07-25
2180,ivan rodriguez,cn,2020-11-16
2181,URSULA SMITH,MY,2019-05-21
2182,  Nina Wang ,tw,2019-12-12
2183,Haruto Khan  ,uk,2023-11-24
2184,DEVI RODRIGUEZ,US,2020-10-09
2185,yara ng,SG,2023-04-28
2186,xander davis,IN,2023-06-30
2187,Bianca Singh,USA,2022-04-24
2188,tariq nguyen,uk,2021-10-07
2189,bao chen  ,Taiwan,2022-06-27
2190,Noa Ng,IN,2021-11-17
2191,AISHA HANSEN  ,in,2020-12-28
2192,valentina fischer, sg ,2021-08-16
2193,Valentina Pedersen,GB,2021-10-28
2194,caleb kumar,JAPAN,2021-11-19
2195,alice williams,China,2023-11-20
2196,xander schneider  ,JAPAN,2023-12-10
2197,ALICE JOHNSON,us,2019-07-31
2198,  JUDY LEE,dk,2022-08-19
2199,ZACH DUBOIS,my,2022-02-02
2200,Mallory MARTIN  ,SINGAPORE,2023-06-12
2201,Indira Singh,US,2023-08-30
2202,Devi LEE,gb,2020-01-26
2203,Zara Tan,thailand,2022-08-20
2204,  frank wong ,india,2022-12-02
2205,eve kumar,uk,2023-07-29
2206,Chen Davis,gb,2023-12-13
2207,Wendy Khan,China,2019-09-25
2208,CALEB FISCHER,IN,2020-07-31
2209,Xiulan Lee  ,SG,2021-02-05
2210,BIANCA MARTIN,UK,2019-10-31
2211,Carol Williams  ,FR,2022-01-09
2212,Giulia Hansen,france,2023-10-21
2213,Xiulan TAN,indonesia,2020-08-03
2214,JUN MUELLER  ,india,2020-06-01
2215,aisha nguyen,thailand,2021-11-03
2216,Elena Teo,JP,2023-03-15
2217,arjun lee  ,FR,2022-10-08
2218,Tariq MILLER,fr,2019-08-11
2219,Judy HUANG  ,JP,2021-04-13
2220,Heidi WANG,malaysia,2021-05-16
2221,WEI OKAFOR  ,denmark,2020-04-10
2222,  Leila Liu,in,2019-06-03
2223,MALLORY PATEL  ,TH,2019-08-16
2224,ursula dubois,GB,2022-01-18
2225,jun mueller,ID,2024-03-05
2226,chen dubois,in,2022-02-23
2227,Uma Takahashi,malaysia,2022-04-18
2228,Ivan Patel,SG,2022-09-28
2229,Omar Martin, sg ,2023-05-25
2230,  Rajesh NG,usa,2021-08-17
2231,  noa williams ,China,2022-09-28
2232,DAN GOH  ,fr,2019-07-05
2233,DANIELA SINGH,CN,2021-07-20
2234,Trent WILLIAMS  ,in,2022-04-15
2235,Bianca Mueller,cn,2020-08-29
2236,bianca koh,TH,2020-03-31
2237,Giulia Rodriguez,USA,2022-09-19
2238,  Noa Dubois,TW,2022-11-29
2239,  Oscar Goh ,us,2019-05-24
2240,Oscar HUANG,China,2022-10-17
2241,EVE PATEL  ,GB,2022-07-07
2242,Ursula Wang  ,GB,2020-08-28
2243,Eve PEDERSEN,USA,2024-03-08
2244,  Bao Schneider,JP,2021-10-11
2245,oscar lim,indonesia,2021-05-07
2246,Satoshi ABBAS,FR,2021-06-18
2247,Trent HO,sg,2020-08-30
2248,  MEI JENSEN ,TH,2020-10-13
2249,  Priya Rodriguez ,china,2019-12-08
2250,Sybil Koh  ,CN,2022-10-09
2251,Quentin MUELLER,MY,2021-12-12
2252,devi koh  ,MY,2020-01-02
2253,ruth adebayo,MY,2019-06-19
2254,Elena Fischer,usa,2022-12-27
2255,wei davis,TH,2022-01-27
2256,  Giulia Okafor ,SINGAPORE,2020-07-30
2257,NOA CHEN,gb,2020-02-05
2258,BIANCA SCHNEIDER,tw,2021-02-04
2259,  Quentin Teo,SG,2020-01-15
2260,Jun Williams,SG,2020-02-09
2261,sybil williams,China,2020-07-04
2262,  satoshi garcia,in,2023-09-16
2263,  wei fischer ,TW,2022-07-31
2264,Bianca HANSEN,DK,2021-12-02
2265,Oscar KUMAR,FRANCE,2024-02-12
2266,  Daniela Miller,in,2020-11-06
2267,  BIANCA ABBAS,IN,2019-08-11
2268,WEI ZHANG  ,denmark,2022-01-01
2269,SYBIL GOH  ,usa,2023-11-09
2270,xander zhang,tw,2022-04-04
2271,Yusuf Rodriguez,CN,2021-04-28
2272,Sybil Miller,india,2021-05-23
2273,Leila Jensen  ,th,2021-03-19
2274,yusuf huang,india,2022-04-11
2275,  NOA CHEN ,id,2021-07-28
2276,oscar ho  ,cn,2023-03-04
2277,Arjun Lee  ,Taiwan,2022-09-30
2278,Zach JOHNSON,dk,2021-05-19
2279,Dan Lee,uk,2019-09-20
2280,  CALEB ADEBAYO ,france,2023-08-06
2281,  liam chen,Singapore,2019-07-03
2282,URSULA LIM,sg,2023-12-17
2283,CAROL JOHNSON,id,2019-09-25
2284,KENJI GARCIA,UK,2021-08-27
2285,Daniela YAMAMOTO,IN,2020-06-07
2286,Giulia FISCHER,china,2023-04-02
2287,Leila Ho  ,CN,2022-11-17
2288,satoshi lee,usa,2022-09-28
2289,tariq wang,FR,2022-01-18
2290,  JUN WONG,fr,2019-06-19
2291,Peggy Nguyen,MY,2023-01-09
2292,ivan wang,tw,2019-06-08
2293,  Bianca Garcia,FRANCE,2022-08-24
2294,  priya schneider,JP,2019-11-04
2295,Kenji ZHANG,TH,2021-09-10
2296,oscar singh,india,2021-06-21
2297,  Valentina Lee ,tw,2022-11-08
2298,  Yara HUANG,US,2020-06-06
2299,Sybil Lim,id,2022-07-14
2300,noa rodriguez  ,JP,2020-12-25
2301,EVE HUANG,dk,2021-04-15
2302,  CALEB MUELLER ,CN,2022-09-02
2303,  Kiran Patel ,in,2021-02-19
2304,Quentin Kumar,indonesia,2021-12-04
2305,VALENTINA HUANG,JAPAN,2022-08-27
2306,  Ursula BROWN,JAPAN,2020-11-27
2307,bao zhang,TH,2021-08-26
2308,ALICE KHAN  ,FR,2020-10-17
2309,  bao fischer ,th,2020-09-09
2310,TARIQ GARCIA,my,2019-11-06
2311,Haruto Zhang, sg ,2022-04-20
2312,  AISHA HANSEN,uk,2021-11-06
2313,Judy Miller,SG,2023-05-11
2314,Carol Zhang,UK,2023-02-04
2315,leila schneider  ,UK,2022-01-02
2316,  Liam Dubois,china,2022-11-29
2317,HEIDI HUANG  ,Singapore,2022-09-06
2318,  Yusuf Miller,my,2021-04-06
2319,Ruth NG  ,TW,2020-01-14
2320,TRENT SATO,Taiwan,2023-03-25
2321,Aisha SUZUKI,in,2022-05-26
2322,PEGGY ABBAS, sg ,2022-07-21
2323,AISHA JOHNSON,fr,2022-11-05
2324,  Alice Lim,gb,2023-04-30
2325,farid huang,usa,2023-07-21
2326,Sybil PEDERSEN,th,2020-03-18
2327,eve bernard,CN,2023-08-28
2328,FARID RODRIGUEZ,JP,2024-01-29
2329,Zara Teo,USA,2023-08-29
2330,SATOSHI HANSEN,cn,2020-07-07
2331,Ruth KHAN,usa,2024-01-23
2332,Xander SUZUKI,JP,2020-10-12
2333,  nina ho,IN,2023-10-06
2334,MEI GARCIA,Taiwan,2022-07-20
2335,  Devi Koh ,japan,2020-07-17
2336,  Carol Ho,FR,2021-08-29
2337,LEILA TAKAHASHI,Singapore,2024-01-28
2338,Wendy Wang,tw,2019-05-28
2339,Giulia Khan  ,fr,2021-06-24
2340,  Priya SATO,jp,2023-02-20
2341,Yara Dubois,us,2023-10-06
2342,  Ivan Goh ,india,2020-07-16
2343,BIANCA RODRIGUEZ,thailand,2022-11-12
2344,IVAN SINGH,FR,2022-08-18
2345,URSULA NGUYEN  ,SG,2021-03-24
2346,Wei DAVIS,GB,2020-06-17
2347,Wei Pedersen,tw,2023-04-10
2348,Alice Patel  ,jp,2022-03-11
2349,  leila miller ,JP,2020-05-01
2350,EVE HANSEN  ,USA,2022-09-17
2351,Nina Williams,thailand,2022-05-06
2352,Arjun Liu,th,2021-05-11
2353,JUDY OKAFOR,China,2020-10-02
2354,Haruto Wong  ,jp,2023-03-14
2355,Farid KUMAR  ,gb,2022-09-23
2356,xander zhang,Singapore,2020-04-27
2357,  Devi Chen,us,2022-06-30
2358,Carol Tan,JAPAN,2020-04-29
2359,BIANCA FISCHER,fr,2021-02-21
2360,Bob HUANG,GB,2022-08-28
2361,  Zach Williams ,JP,2021-09-05
2362,Noa Miller,GB,2022-02-24
2363,Mei MILLER,gb,2021-10-07
2364,Satoshi Fischer,Taiwan,2020-09-21
2365,  Trent BERNARD,IN,2020-12-16
2366,Yusuf LIM  ,malaysia,2019-06-11
2367,wei koh,id,2020-04-06
2368,  bianca singh ,MY,2023-10-22
2369,peggy huang,id,2021-09-07
2370,  Indira KOH,france,2022-02-10
2371,Kiran JENSEN,malaysia,2022-07-16
2372,Chen Singh,Taiwan,2023-05-18
2373,PRIYA JENSEN,DK,2021-12-21
2374,  AISHA SMITH,dk,2023-12-21
2375,  noa dubois ,FR,2022-06-05
2376,  Alice Davis,us,2022-11-01
2377,CHEN OKAFOR,in,2020-08-25
2378,Grace Ng  ,JP,2024-03-12
2379,mallory takahashi  ,jp,2023-08-12
2380,  tariq hansen,dk,2023-10-08
2381,Omar BERNARD,UK,2020-06-01
2382,Arjun MUELLER,usa,2020-02-02
2383,Grace Takahashi  ,china,2023-08-08
2384,Zara Pedersen  ,SG,2019-08-12
2385,NINA KUMAR,indonesia,2020-04-14
2386,Zara SUZUKI  ,uk,2021-05-21
2387,  arjun wong,CN,2020-01-27
2388,Frank Smith  ,gb,2021-06-05
2389,  Mallory GOH,usa,2021-07-22
2390,  daniela lee ,id,2022-02-08
2391,  Carol HANSEN,UK,2019-07-03
2392,  LIAM SINGH ,TH,2023-03-28
2393,Wei Miller, sg ,2019-11-28
2394,  kenji brown,JAPAN,2021-09-08
2395,Frank Singh,TH,2024-02-02
2396,Bianca Davis,fr,2022-02-05
2397,Heidi Takahashi  ,france,2022-09-24
2398,Valentina Takahashi,JAPAN,2022-10-17
2399,  Xiulan ZHANG,UK,2023-01-28
2400,Arjun Singh,jp,2021-06-08
2401,  OSCAR ZHANG,tw,2019-08-26
2402,Caleb KUMAR,FRANCE,2022-11-11
2403,tariq bernard,China,2022-06-02
2404,valentina rodriguez,usa,2019-12-12
2405,  Mallory MARTIN ,GB,2020-08-28
2406,zara pedersen,id,2023-07-12
2407,Bob Ng,in,2021-03-03
2408,LIAM ZHANG,id,2023-02-22
2409,ZACH RODRIGUEZ  ,dk,2023-06-26
2410,  Sybil Rodriguez ,indonesia,2021-06-14
2411,frank suzuki,cn,2019-08-10
2412,  Peggy ZHANG,uk,2024-01-30
2413,liam pedersen,SG,2020-07-10
2414,  Valentina Huang,tw,2024-01-22
2415,Kiran Zhang  , sg ,2023-09-17
2416,CAROL LEE,SG,2022-12-20
2417,Dan Johnson  ,jp,2021-05-23
2418,leila dubois,IN,2022-04-16
2419,Heidi Garcia,tw,2020-06-25
2420,Daniela NG  ,China,2020-05-02
2421,  Frank SMITH,denmark,2021-08-28
2422,Peggy Dubois,uk,2019-08-18
2423,frank adebayo,USA,2021-06-30
2424,Arjun Bernard  ,china,2020-02-10
2425,Omar Garcia,china,2022-03-16
2426,Omar Lee,sg,2023-07-16
2427,CHEN JENSEN,uk,2022-04-20
2428,MEI KUMAR,JP,2019-10-11
2429,Dan Brown,DK,2020-12-05
2430,Ruth Koh,Taiwan,2023-02-08
2431,  WEI RODRIGUEZ,China,2023-12-28
2432,judy suzuki,thailand,2021-12-18
2433,BIANCA LIM,UK,2021-05-09
2434,Mei Wang,US,2021-02-28
2435,alice suzuki  ,tw,2020-09-23
2436,Indira CHEN  ,GB,2021-08-11
2437,Frank Wang,SINGAPORE,2021-07-13
2438,Yara HUANG,IN,2019-07-04
2439,tariq teo,thailand,2022-11-20
2440,Bianca Pedersen  ,th,2024-01-06
2441,Mei Smith,TH,2024-01-29
2442,  KIRAN HUANG ,thailand,2020-12-14
2443,Sybil Davis,dk,2022-08-26
2444,Indira Okafor,China,2022-08-04
2445,  HEIDI DAVIS ,malaysia,2020-11-20
2446,Wendy Mueller,france,2020-10-03
2447,  Bao Suzuki,TW,2021-02-27
2448,Noa Jensen,india,2024-02-07
2449,Tariq Yamamoto,IN,2023-12-08
2450,Jun Bernard,DK,2022-10-05
2451,Arjun Schneider  ,jp,2020-07-15
2452,FARID TAN,id,2022-12-27
2453,Xander Bernard,china,2019-09-23
2454,Frank LIU,FR,2021-03-08
2455,xiulan schneider,dk,2023-01-19
2456,Omar Lim,france,2019-09-26
2457,Peggy Abbas,UK,2021-08-13
2458,Alice Williams,th,2023-10-26
2459,Quentin Johnson, sg ,2021-01-22
2460,Caleb SUZUKI,SINGAPORE,2022-08-12
2461,Tariq Wang  ,UK,2020-10-28
2462,Bob Huang,jp,2021-05-28
2463,JUN CHEN  ,MY,2021-03-08
2464,Wei ANDERSEN  ,sg,2021-07-11
2465,Peggy Pedersen,MY,2023-11-26
2466,Daniela MARTIN,Taiwan,2023-02-04
2467,quentin takahashi,cn,2023-01-17
2468,Caleb Teo  ,China,2022-11-10
2469,  Xiulan Johnson ,IN,2023-05-14
2470,MALLORY ZHANG,indonesia,2019-08-27
2471,  wendy adebayo,US,2019-10-18
2472,heidi rodriguez  ,US,2022-07-11
2473,AISHA GOH,SG,2019-10-14
2474,Ruth ABBAS,MY,2019-09-23
2475,Peggy GOH,dk,2021-07-14
2476,jun lim,uk,2022-09-13
2477,Priya Davis, sg ,2020-11-04
2478,HEIDI FISCHER  ,China,2021-06-11
2479,  quentin schneider,JAPAN,2023-11-08
2480,Ruth TAN  ,JAPAN,2021-01-24
2481,OSCAR SATO,in,2019-10-30
2482,  Victor Khan,dk,2020-08-20
2483,Jun Hansen,fr,2023-04-07
2484,EVE HO,JP,2022-03-29
2485,Mallory Zhang,GB,2020-01-08
2486,  Mei ABBAS,sg,2021-07-19
2487,Eve KOH,TH,2021-02-09
2488,  DEVI WILLIAMS ,Taiwan,2023-03-15
2489,HARUTO ADEBAYO,FR,2021-04-04
2490,Indira PEDERSEN,india,2023-09-30
2491,xiulan ho,Singapore,2023-04-28
2492,Zara Miller,TH,2019-06-17
2493,Liam Koh  ,japan,2023-08-24
2494,Yara KHAN,UK,2021-10-24
2495,Daniela Martin,Singapore,2021-08-25
2496,kiran ho,jp,2020-09-14
2497,Ruth Adebayo,TW,2022-03-08
2498,Ruth TEO  ,China,2021-04-29
2499,jun schneider  ,us,2023-08-02
2500,CAROL HUANG,china,2022-06-27
2501,Frank HUANG,MY,2020-04-01
2502,Uma Andersen  ,US,2023-10-08
2503,FARID KOH,FRANCE,2023-10-14
2504,SYBIL LIM,gb,2020-06-18
2505,leila ho,Taiwan,2023-01-15
2506,  Zara ANDERSEN,FR,2022-02-22
2507,KENJI TAKAHASHI,china,2024-01-22
2508,xander martin,china,2021-03-02
2509,grace khan,france,2024-03-22
2510,alice kumar  ,india,2020-04-02
2511,wendy jensen,IN,2021-04-15
2512,  Uma Sato,CN,2022-06-18
2513,Eve Takahashi,Singapore,2024-02-05
2514,  Ivan KUMAR,thailand,2023-08-04
2515,Giulia Khan,IN,2019-12-07
2516,Daniela SMITH  ,tw,2021-09-09
2517,Elena Kumar,my,2019-05-06
2518,CALEB WANG,JP,2022-03-21
2519,  Eve Miller,uk,2022-03-07
2520,Yara Williams  ,thailand,2021-11-23
2521,  CALEB TEO,indonesia,2023-01-03
2522,XANDER GOH  , sg ,2022-07-15
2523,Farid Lim,india,2022-01-12
2524,UMA KHAN,china,2023-09-15
2525,RAJESH HUANG,China,2022-04-13
2526,  TRENT YAMAMOTO ,jp,2020-03-31
2527,Haruto Nguyen,my,2023-12-30
2528,Caleb Yamamoto,TH,2021-03-20
2529,  HARUTO SMITH,FR,2019-12-16
2530,Wendy Lim  ,UK,2022-11-25
2531,YARA MARTIN,JAPAN,2020-04-14
2532,  ALICE SINGH,jp,2022-07-07
2533,Grace Fischer,GB,2023-11-30
2534,Kenji Pedersen,india,2021-04-30
2535,Yusuf Huang,fr,2021-05-30
2536,Jun Zhang  ,China,2022-02-02
2537,Ursula Okafor,id,2022-11-08
2538,Leila Zhang  ,dk,2020-12-29
2539,  LIAM SCHNEIDER,Taiwan,2020-01-21
2540,  Bao Khan,SINGAPORE,2023-06-22
2541,Bao MARTIN,TW,2021-12-24
2542,  PEGGY SINGH,indonesia,2022-06-09
2543,Mei Rodriguez  ,US,2020-02-08
2544,Valentina MUELLER  ,Singapore,2023-12-11
2545,  Peggy Brown ,gb,2022-04-18
2546,Zara Sato,thailand,2021-02-24
2547,Heidi Davis,CN,2023-06-30
2548,  Frank MARTIN,IN,2020-02-02
2549,  Omar LIM ,SG,2022-12-01
2550,Quentin NG,FR,2020-06-26
2551,Farid Liu,china,2023-03-09
2552,UMA TAN,FRANCE,2024-02-05
2553,yusuf chen,TW,2021-03-07
2554,Valentina Davis,fr,2023-06-20
2555,Mallory TEO,SINGAPORE,2021-06-07
2556,XANDER LEE,my,2021-12-18
2557,  Bianca Zhang,Singapore,2019-10-07
2558,Sybil Mueller,USA,2024-01-25
2559,RAJESH DUBOIS,china,2023-09-08
2560,caleb nguyen  ,usa,2021-08-15
2561,  omar goh ,SG,2021-02-04
2562,SATOSHI ZHANG  ,france,2023-03-30
2563,  elena takahashi,sg,2024-02-29
2564,Tariq Patel  ,IN,2021-12-27
2565,Ruth Patel,MY,2021-05-28
2566,  NINA LIU,france,2020-03-18
2567,Victor TAKAHASHI,sg,2021-01-13
2568,PEGGY PATEL  ,in,2019-05-04
2569,AISHA SCHNEIDER,JP,2023-10-21
2570,  Heidi Johnson ,china,2023-06-13
2571,jun davis,us,2020-08-13
2572,SYBIL WONG,China,2023-05-29
2573,ARJUN ABBAS  ,malaysia,2021-08-18
2574,  ursula liu,MY,2019-07-28
2575,Kiran Lim  ,FRANCE,2019-10-28
2576,aisha davis,indonesia,2020-04-12
2577,  ELENA LEE ,china,2019-09-13
2578,Tariq Khan,TH,2021-11-01
2579,Haruto Miller,Singapore,2022-10-11
2580,  Frank Zhang ,tw,2023-12-22
2581,  Indira Liu ,UK,2023-05-17
2582,  Peggy Mueller,JAPAN,2022-12-22
2583,Carol ABBAS,cn,2021-09-14
2584,Omar BERNARD,china,2022-01-16
2585,Arjun NGUYEN,china,2024-02-29
2586,mei kumar,japan,2020-11-04
2587,TARIQ HUANG,jp,2023-08-25
2588,priya garcia,tw,2023-09-08
2589,Liam GARCIA,CN,2023-02-25
2590,Omar TEO,CN,2020-07-23
2591,Priya Brown,TW,2020-06-24
2592,  grace zhang,japan,2023-07-03
2593,eve zhang,denmark,2019-06-04
2594,kenji patel,TW,2019-05-18
2595,NOA ABBAS,Singapore,2019-11-27
2596,Zara Wong,indonesia,2020-10-12
2597,  RUTH ANDERSEN,id,2023-12-19
2598,Daniela Abbas,india,2021-05-18
2599,  peggy okafor,france,2021-04-02
2600,  Elena MARTIN,TW,2023-11-04
2601,haruto miller  ,japan,2020-06-02
2602,Nina BERNARD,FRANCE,2021-10-24
2603,Judy SATO,DK,2023-07-01
2604,INDIRA TEO,GB,2022-01-29
2605,ELENA PATEL,tw,2022-03-20
2606,  Nina Sato,usa,2019-10-11
2607,bob rodriguez,DK,2023-01-19
2608,Grace Adebayo,jp,2022-12-10
2609,  Grace SATO ,dk,2021-08-12
2610,  xander goh,id,2021-04-08
2611,  RUTH TAN,TW,2022-07-04
2612,mallory koh,SG,2021-08-30
2613,Peggy TAKAHASHI,my,2020-10-31
2614,QUENTIN ANDERSEN,japan,2023-10-03
2615,Valentina OKAFOR,fr,2020-01-01
2616,  Zach Pedersen,MY,2019-10-14
2617,Zach Johnson,cn,2020-11-23
2618,URSULA KHAN,TH,2020-04-16
2619,Wendy Teo,JP,2020-09-17
2620,Zara Hansen,DK,2023-08-16
2621,Ivan ADEBAYO,JAPAN,2024-01-11
2622,Grace Lim,china,2023-05-05
2623,Alice WANG,fr,2021-08-03
2624,Wendy Dubois,GB,2023-01-14
2625,Liam DUBOIS,CN,2024-03-11
2626,Satoshi Lee  ,USA,2020-08-02
2627,Alice Sato,JAPAN,2020-12-14
2628,Farid Chen,indonesia,2020-03-20
2629,ursula goh,th,2021-11-13
2630,Ursula Goh  ,tw,2020-03-08
2631,Wei Okafor,malaysia,2020-08-09
2632,  Eve Wang,JP,2019-10-09
2633,ursula ho,us,2020-10-18
2634,  Eve Liu,india,2021-09-01
2635,OMAR NG,cn,2022-11-01
2636,BIANCA CHEN,thailand,2023-07-18
2637,aisha yamamoto,Taiwan,2021-11-09
2638,kenji suzuki, sg ,2020-12-13
2639,chen fischer,SG,2020-02-02
2640,Valentina Tan,Taiwan,2021-10-24
2641,OSCAR FISCHER,china,2022-01-20
2642,Oscar Sato,my,2019-05-11
2643,Eve Mueller,jp,2021-09-12
2644,Farid Takahashi,dk,2021-07-17
2645,  Quentin Abbas,US,2019-12-04
2646,CALEB BROWN,us,2022-08-27
2647,jun rodriguez  ,in,2020-09-04
2648,  NINA PATEL ,tw,2022-07-11
2649,Oscar TAN,SINGAPORE,2021-08-11
2650,SATOSHI HANSEN  ,thailand,2020-10-13
2651,KENJI WILLIAMS,malaysia,2022-10-18
2652,TARIQ SMITH,fr,2022-05-09
2653,Giulia ZHANG,USA,2019-10-14
2654,Tariq Khan,my,2023-09-07
2655,Uma WILLIAMS,JP,2020-01-13
2656,Leila Williams,sg,2020-09-05
2657,DANIELA KUMAR,tw,2019-11-12
2658,Chen TEO  ,Taiwan,2020-11-24
2659,heidi johnson,Singapore,2019-06-11
2660,Aisha Schneider, sg ,2020-11-05
2661,  LIAM YAMAMOTO,japan,2019-06-25
2662,leila ng  ,japan,2024-02-05
2663,Carol LIM,UK,2022-08-20
2664,Liam Ho,my,2019-10-29
2665,Oscar Adebayo,JP,2019-05-31
2666,  Heidi Khan,FRANCE,2022-06-25
2667,Nina HANSEN,Singapore,2022-12-30
2668,CALEB TAKAHASHI,JP,2023-03-27
2669,Yara KOH,jp,2020-04-22
2670,  NINA CHEN ,CN,2023-09-25
2671,Haruto PEDERSEN,CN,2023-12-17
2672,INDIRA ZHANG,fr,2022-03-01
2673,  ursula koh,DK,2022-02-09
2674,HEIDI WILLIAMS,dk,2019-05-28
2675,  EVE WILLIAMS,china,2023-10-19
2676,Grace MILLER  ,fr,2023-04-16
2677,Eve TEO,TH,2021-11-18
2678,DEVI GOH  ,in,2021-02-25
2679,Bao Goh,Singapore,2023-11-16
2680,NOA DUBOIS,MY,2020-07-07
2681,ursula hansen,IN,2020-02-24
2682,Devi Dubois,dk,2024-01-25
2683,Trent Takahashi,SINGAPORE,2019-09-08
2684,  Mei BROWN ,thailand,2021-02-22
2685,BAO ADEBAYO,UK,2022-10-22
2686,Liam NGUYEN  ,dk,2023-02-10
2687,  Indira Johnson ,th,2023-11-10
2688,Nina Lim,thailand,2023-05-25
2689,Nina HANSEN,us,2021-02-25
2690,Dan Takahashi,JP,2021-08-21
2691,Heidi ADEBAYO,GB,2019-10-21
2692,  Noa DAVIS ,SINGAPORE,2020-05-01
2693,Devi Ho,jp,2022-09-20
2694,Valentina Abbas,in,2023-07-31
2695,Peggy Smith,jp,2019-10-12
2696,elena teo  ,GB,2022-05-13
2697,  ZARA ANDERSEN,MY,2021-03-18
2698,Wei Abbas  ,dk,2022-02-01
2699,Quentin Jensen,China,2023-11-21
2700,bob miller,US,2019-09-10
2701,  LIAM WILLIAMS ,MY,2021-12-09
2702,Peggy Okafor,uk,2023-07-25
2703,haruto khan,JP,2019-09-17
2704,PRIYA ADEBAYO  ,usa,2020-02-11
2705,Quentin Teo,fr,2023-12-21
2706,Jun Wong  ,FRANCE,2020-09-06
2707,CAROL WONG,GB,2021-04-05
2708,OSCAR WANG,JP,2022-08-17
2709,Oscar Teo,dk,2019-06-22
2710,dan sato,fr,2021-05-05
2711,Xiulan Fischer,MY,2021-02-19
2712,  RAJESH BROWN ,China,2022-02-18
2713,CALEB LIU  ,IN,2019-05-14
2714,  Jun TAKAHASHI,GB,2021-06-29
2715,  Haruto MUELLER , sg ,2021-01-01
2716,BOB ADEBAYO,gb,2023-05-07
2717,indira kumar,SINGAPORE,2024-03-18
2718,bianca davis,Taiwan,2020-01-16
2719,CALEB KHAN,id,2020-10-14
2720,Kiran Liu,th,2020-11-29
2721,valentina mueller,in,2020-12-28
2722,  Dan Fischer,id,2021-09-29
2723,  Leila Yamamoto,cn,2021-05-02
2724,Zach Mueller,GB,2022-07-19
2725,  bianca kumar, sg ,2021-06-10
2726,Tariq JENSEN,japan,2023-09-13
2727,HARUTO SATO  , sg ,2023-04-20
2728,Wei Rodriguez,france,2023-11-10
2729,devi rodriguez  ,jp,2023-01-22
2730,wendy lim,SINGAPORE,2022-04-21
2731,sybil ho,india,2023-11-03
2732,bob miller,TW,2021-07-11
2733,Uma Huang,in,2020-01-20
2734,  Devi Dubois,sg,2020-04-13
2735,ALICE HO  ,ID,2021-06-20
2736,dan zhang,india,2020-11-18
2737,Zach MUELLER,id,2024-02-09
2738,Tariq OKAFOR,TH,2019-06-13
2739,  Mallory Wong,Singapore,2019-10-04
2740,CALEB HUANG,DK,2023-11-24
2741,Chen LEE  ,SINGAPORE,2024-01-08
2742,  Giulia Koh,FRANCE,2020-09-11
2743,Giulia SCHNEIDER,JP,2020-05-29
2744,DANIELA KOH,MY,2019-10-07
2745,Carol Huang,UK,2023-04-24
2746,Ursula Koh,indonesia,2019-10-14
2747,grace mueller  ,tw,2023-12-23
2748,Ivan LIM,jp,2019-06-17
2749,Arjun GARCIA  ,japan,2024-01-13
2750,wendy singh,malaysia,2021-12-25
2751,VALENTINA KHAN,denmark,2023-05-30
2752,URSULA KUMAR  ,indonesia,2023-06-26
2753,alice abbas,CN,2019-09-07
2754,  Heidi Jensen ,japan,2022-12-18
2755,Caleb Adebayo,SG,2021-04-25
2756,PRIYA LIU  ,sg,2023-08-11
2757,nina jensen,denmark,2019-11-24
2758,Indira SATO, sg ,2020-10-29
2759,INDIRA PATEL,gb,2022-06-27
2760,  EVE PEDERSEN ,us,2020-11-01
2761,NOA MARTIN,DK,2023-10-22
2762,  Priya SUZUKI ,FRANCE,2019-12-16
2763,VALENTINA GOH,france,2020-08-27
2764,Xander Ho,CN,2023-04-14
2765,xander johnson  ,FR,2022-08-19
2766,Bao WONG  ,JP,2021-10-22
2767,Tariq Zhang  ,ID,2020-03-27
2768,bob chen,sg,2022-11-20
2769,  MEI LIM,in,2019-10-16
2770,Giulia TAKAHASHI,MY,2023-10-11
2771,Xander SMITH,TH,2021-11-14
2772,judy ng,China,2021-10-05
2773,MALLORY WANG,malaysia,2022-06-21
2774,caleb tan,fr,2022-04-08
2775,Noa Takahashi,TW,2021-12-23
2776,  Dan GOH,Taiwan,2019-06-26
2777,Valentina Huang  ,FR,2023-09-01
2778,AISHA TEO  ,JP,2021-04-08
2779,Sybil Khan  ,fr,2019-09-09
2780,Sybil GARCIA  ,ID,2023-02-24
2781,  GIULIA ANDERSEN ,fr,2019-11-14
2782,  Zara Lim ,gb,2021-02-19
2783,TRENT LIU,Singapore,2020-05-03
2784,Leila Zhang,my,2023-09-19
2785,heidi suzuki,Taiwan,2019-09-24
2786,leila takahashi  ,in,2023-07-07
2787,VALENTINA WANG,SG,2020-03-03
2788,bao nguyen,GB,2020-12-20
2789,  Liam Smith ,cn,2022-08-09
2790,  Mallory HANSEN,Taiwan,2024-03-06
2791,  Heidi YAMAMOTO,FRANCE,2020-01-13
2792,  Kenji PEDERSEN,DK,2020-04-29
2793,DEVI PATEL,france,2021-02-20
2794,Aisha DAVIS,TW,2023-09-01
2795,Alice JENSEN,JAPAN,2021-10-03
2796,  yara johnson,FRANCE,2022-12-02
2797,Noa Kumar  ,uk,2023-08-18
2798,rajesh wong,JAPAN,2022-09-11
2799,INDIRA WILLIAMS,Singapore,2021-03-09
2800,NINA FISCHER,China,2019-06-17
2801,Xiulan Tan,japan,2023-05-30
2802,  Indira Okafor,denmark,2019-08-22
2803,Leila ZHANG  ,SINGAPORE,2021-09-28
2804,Xiulan Fischer,SG,2022-01-31
2805,  NINA ZHANG ,gb,2021-09-20
2806,JUDY KUMAR,indonesia,2020-04-30
2807,Wendy Tan,france,2021-12-21
2808,judy wong,JP,2022-04-14
2809,Liam DAVIS,usa,2022-09-16
2810,  PRIYA WANG ,JP,2023-04-23
2811,Devi Miller,USA,2023-12-16
2812,LEILA JENSEN  ,FRANCE,2020-12-30
2813,  ZACH MUELLER,france,2021-06-05
2814,  LEILA MARTIN ,CN,2019-12-09
2815,alice zhang,Singapore,2022-04-06
2816,Eve Wong,China,2021-07-12
2817,  DEVI MARTIN ,in,2021-11-08
2818,Heidi ABBAS,malaysia,2022-12-22
2819,  Wendy GOH ,japan,2019-11-29
2820,LEILA NG,JP,2022-05-05
2821,Xiulan BERNARD,in,2020-07-22
2822,OMAR MARTIN,us,2022-06-30
2823,  HEIDI GOH ,FRANCE,2023-03-21
2824,rajesh khan,id,2023-09-24
2825,Arjun Davis,Taiwan,2022-09-17
2826,sybil andersen  ,dk,2019-05-11
2827,Farid Smith,sg,2022-09-05
2828,NINA SATO,FR,2020-07-01
2829,Alice TAN,TW,2022-06-25
2830,Nina GOH,US,2020-03-06
2831,Trent Sato,MY,2024-03-20
2832,  Bao Tan,jp,2020-10-11
2833,  RAJESH ANDERSEN,FRANCE,2022-06-29
2834,Priya SMITH,SINGAPORE,2019-10-20
2835,  Bianca Ng ,MY,2020-10-21
2836,Quentin Martin,uk,2019-08-19
2837,JUN LIM  ,JAPAN,2020-01-27
2838,trent huang,china,2022-05-15
2839,indira schneider,ID,2019-09-27
2840,Indira PATEL,TW,2023-04-18
2841,omar mueller,france,2020-08-13
2842,XIULAN KHAN,SG,2021-09-05
2843,  Mallory GOH ,SINGAPORE,2019-06-21
2844,caleb garcia,FR,2024-02-20
2845,Peggy Takahashi  ,JP,2023-08-28
2846,QUENTIN TAN  ,id,2024-02-11
2847,noa andersen,fr,2021-09-29
2848,Indira Ho  ,SINGAPORE,2024-03-22
2849,Quentin GARCIA  ,th,2023-04-12
2850,Devi Takahashi,india,2019-12-13
2851,INDIRA SINGH,USA,2020-01-08
2852,  Kenji DAVIS,Taiwan,2023-03-26
2853,  Giulia ABBAS ,us,2021-07-03
2854,Aisha Chen,th,2021-07-29
2855,Omar ADEBAYO,denmark,2020-03-26
2856,frank patel  ,USA,2023-02-09
2857,  PRIYA ADEBAYO,DK,2020-11-14
2858,Wendy Williams,china,2019-05-19
2859,SATOSHI DUBOIS,sg,2019-08-29
2860,caleb nguyen,DK,2020-05-16
2861,  Mei JOHNSON,gb,2023-12-29
2862,  FARID SATO,ID,2019-05-17
2863,Yara Takahashi, sg ,2019-05-04
2864,  Giulia Goh ,USA,2019-07-26
2865,  JUDY BERNARD,MY,2020-09-03
2866,Oscar MUELLER,denmark,2024-02-20
2867,ivan wong,cn,2023-07-22
2868,SYBIL ADEBAYO,Taiwan,2021-11-07
2869,  Zach Huang ,SG,2021-06-22
2870,oscar johnson  ,tw,2020-01-31
2871,Wendy Garcia  ,US,2021-02-20
2872,NINA HO  ,id,2022-05-23
2873,IVAN FISCHER,tw,2020-08-09
2874,Oscar Teo,USA,2021-03-22
2875,daniela tan,indonesia,2020-05-24
2876,YUSUF OKAFOR,th,2023-11-08
2877,Caleb KHAN,tw,2021-11-06
2878,Heidi Pedersen,cn,2021-01-22
2879,Victor Yamamoto,SINGAPORE,2019-04-26
2880,noa goh  ,China,2022-04-22
2881,Giulia Brown,FR,2023-10-10
2882,Yara Koh,China,2020-03-07
2883,Chen Patel  ,FR,2023-01-15
2884,Omar KUMAR,USA,2020-09-01
2885,Carol Bernard,china,2021-02-25
2886,  Giulia Singh,Taiwan,2022-02-16
2887,Oscar JENSEN,china,2021-08-27
2888,MEI DAVIS,JP,2021-03-12
2889,Tariq Liu,denmark,2020-04-22
2890,Rajesh Johnson,japan,2023-04-01
2891,Indira Tan,gb,2020-08-06
2892,noa jensen  ,SG,2019-08-24
2893,  Heidi Wong,us,2021-12-13
2894,Wendy Pedersen,japan,2023-08-03
2895,Dan Singh,gb,2022-10-15
2896,MEI HUANG,jp,2020-10-20
2897,BOB KOH  ,ID,2019-09-18
2898,Priya Rodriguez, sg ,2023-09-07
2899,Caleb Hansen,malaysia,2020-02-02
2900,  Dan PEDERSEN ,japan,2019-10-16
2901,Judy GARCIA,fr,2020-08-14
2902,BIANCA NGUYEN,china,2019-06-11
2903,Judy FISCHER,USA,2023-04-30
2904,Xander Nguyen,FRANCE,2021-04-20
2905,PEGGY YAMAMOTO,ID,2022-02-23
2906,peggy sato,france,2022-10-11
2907,GIULIA NGUYEN,in,2020-05-31
2908,ALICE HUANG,usa,2019-12-13
2909,  Caleb Ng,FR,2021-08-20
2910,  Zach BROWN,uk,2022-05-16
2911,Giulia Huang,us,2021-08-04
2912,  elena mueller ,FRANCE,2020-11-07
2913,Indira Teo,USA,2021-09-27
2914,JUDY CHEN  ,CN,2020-02-20
2915,MEI ZHANG  ,UK,2022-01-28
2916,Valentina BERNARD,japan,2021-10-26
2917,BAO KHAN,cn,2021-11-24
2918,Tariq Bernard,sg,2019-11-10
2919,Liam OKAFOR,MY,2021-11-10
2920,omar ng,ID,2020-02-14
2921,Mei Jensen,DK,2021-06-17
2922,  VALENTINA TAN,USA,2023-08-07
2923,  VALENTINA PATEL,china,2022-06-22
2924,wendy dubois  ,thailand,2022-03-09
2925,indira pedersen  ,uk,2021-08-22
2926,giulia andersen,UK,2021-08-01
2927,Indira Martin,my,2019-08-05
2928,  Haruto Brown,china,2022-03-01
2929,  KIRAN HUANG,france,2020-10-27
2930,nina johnson  ,TW,2021-05-25
2931,Bob Liu,id,2021-04-07
2932,rajesh andersen  ,dk,2023-10-24
2933,haruto lee  ,thailand,2020-06-09
2934,  TARIQ KUMAR,denmark,2023-01-12
2935,DANIELA MUELLER,uk,2023-03-08
2936,ivan kumar,CN,2020-03-20
2937,BIANCA KUMAR  ,th,2023-07-17
2938,Rajesh Suzuki  ,in,2021-03-23
2939,  JUN PATEL ,IN,2020-07-27
2940,Aisha Sato,SG,2019-11-25
2941,Sybil Schneider,my,2021-02-25
2942,Chen Brown,Taiwan,2023-09-14
2943,BIANCA SUZUKI,usa,2021-08-16
2944,XIULAN SATO,jp,2023-02-10
2945,eve schneider,Singapore,2023-11-22
2946,  Devi TAKAHASHI,france,2022-06-11
2947,  ruth garcia,tw,2019-12-02
2948,Alice Teo,Singapore,2022-06-07
2949,LIAM KOH,in,2023-11-19
2950,Kenji KHAN,dk,2021-12-25
2951,Grace Smith,jp,2024-02-26
2952,  satoshi koh,US,2022-06-25
2953,KIRAN GOH,denmark,2021-03-11
2954,  Wei Fischer ,UK,2024-01-28
2955,  Satoshi Brown,cn,2020-11-21
2956,URSULA KOH  ,China,2020-07-16
2957,  Alice Kumar,france,2019-12-18
2958,Omar Nguyen,dk,2021-10-11
2959,  arjun zhang,my,2022-06-28
2960,Bianca YAMAMOTO,JAPAN,2023-04-02
2961,carol wang,india,2021-05-16
2962,  Zara TAKAHASHI ,china,2023-11-17
2963,  Noa NGUYEN ,TW,2022-03-19
2964,ELENA ABBAS,jp,2019-07-15
2965,  quentin lim ,denmark,2019-08-03
2966,  ZARA FISCHER ,denmark,2021-12-27
2967,Priya RODRIGUEZ,Taiwan,2024-03-05
2968,  HARUTO HANSEN,Taiwan,2019-05-25
2969,Dan Fischer,usa,2023-09-08
2970,Bob Lee,fr,2021-12-13
2971,  Elena HO ,gb,2020-03-15
2972,Caleb TEO,MY,2021-11-01
2973,Mallory HANSEN,TH,2021-04-01
2974,leila sato,ID,2022-08-21
2975,  Bob Wong ,uk,2021-09-23
2976,Eve MUELLER  , sg ,2022-12-11
2977,WENDY LIM,id,2020-12-14
2978,Noa ANDERSEN,UK,2022-11-17
2979,  Ivan SINGH ,malaysia,2021-05-26
2980,  Oscar Khan ,TH,2024-02-22
2981,MEI MARTIN  ,JAPAN,2023-02-13
2982,carol mueller  ,DK,2020-11-03
2983,  BAO HANSEN,japan,2022-12-23
2984,  Nina BERNARD,SINGAPORE,2024-03-18
2985,  Bob MUELLER ,denmark,2020-07-26
2986,YARA FISCHER,malaysia,2021-03-11
2987,  ALICE MUELLER,SG,2020-03-29
2988,Mallory CHEN,cn,2019-06-16
2989,chen williams,id,2019-07-09
2990,  Wendy DAVIS ,ID,2023-10-25
2991,  ARJUN PATEL ,FRANCE,2023-08-27
2992,Caleb HUANG,SG,2023-05-07
2993,  Valentina Suzuki,cn,2020-09-04
2994,Carol Williams,usa,2023-02-25
2995,  SYBIL WILLIAMS,ID,2023-04-21
2996,INDIRA GARCIA,tw,2019-06-24
2997,Oscar Huang,sg,2021-09-29
2998,eve abbas  ,JP,2020-01-04
2999,Yusuf ABBAS,japan,2023-12-06
3000,yusuf takahashi  ,CN,2020-08-03
3001,ALICE SINGH,china,2023-04-22
3002,  Omar Davis ,cn,2020-08-22
3003,Mei BROWN,SG,2022-12-24
3004,Priya HO,Singapore,2021-02-11
3005,CAROL NGUYEN,denmark,2020-01-14
3006,  Giulia Wong ,SG,2023-07-11
3007,Bao YAMAMOTO,GB,2022-01-02
3008,TRENT RODRIGUEZ,thailand,2023-11-27
3009,ALICE KHAN  ,FRANCE,2024-02-19
3010,chen davis,sg,2021-09-12
3011,Omar Goh,jp,2019-09-09
3012,Ivan Andersen,china,2019-08-04
3013,Ursula Nguyen,USA,2024-02-20
3014,Peggy SMITH  ,sg,2023-04-06
3015,Elena Tan  ,IN,2022-03-11
3016,  GIULIA GARCIA,GB,2020-07-11
3017,AISHA BERNARD,UK,2022-08-10
3018,Bob Brown,th,2019-06-01
3019,  wei dubois,FR,2019-08-13
3020,jun sato,cn,2023-01-30
3021,Leila Schneider,malaysia,2021-05-28
3022,  ZARA WILLIAMS ,sg,2020-05-07
3023,Wei Miller,DK,2019-10-18
3024,  Frank ADEBAYO ,tw,2021-09-10
3025,dan wang,Singapore,2019-06-15
3026,  QUENTIN JOHNSON ,china,2023-02-06
3027,RAJESH DAVIS,FRANCE,2020-12-24
3028,carol nguyen  ,US,2021-04-26
3029,kenji zhang  ,in,2020-09-10
3030,valentina bernard,usa,2022-05-19
3031,  Leila Wang,sg,2020-06-07
3032,Trent HUANG  ,US,2023-10-02
3033,  Victor WILLIAMS,GB,2020-03-13
3034,  Yusuf OKAFOR,uk,2021-09-07
3035,yara lim,fr,2019-08-01
3036,Kiran Koh  ,JAPAN,2020-01-02
3037,TARIQ BERNARD,fr,2019-05-11
3038,Kiran Bernard,indonesia,2021-04-30
3039,  Haruto Pedersen ,uk,2021-07-11
3040,Ivan NGUYEN  ,SG,2020-10-29
3041,  Kiran DAVIS,france,2019-07-18
3042,  Carol Teo,UK,2021-12-28
3043,BOB KUMAR  ,SG,2022-12-06
3044,WEI DUBOIS,JAPAN,2019-08-27
3045,Frank Williams,gb,2022-10-18
3046,Jun Mueller,sg,2022-06-25
3047,ZARA DAVIS,SINGAPORE,2019-10-10
3048,Priya Bernard,cn,2023-08-30
3049,  kenji wong ,TW,2021-02-10
3050,  IVAN OKAFOR,id,2021-12-09
3051,Rajesh Fischer,MY,2022-12-23
3052,  ursula sato,IN,2019-05-04
3053,Mei HO,JAPAN,2021-08-22
3054,ARJUN ZHANG,fr,2021-04-18
3055,  Zara Ho,JP,2022-12-05
3056,DANIELA FISCHER,usa,2024-02-15
3057,Ruth TAKAHASHI,MY,2021-10-06
3058,aisha miller,malaysia,2023-11-11
3059,Yara Zhang,US,2022-05-24
3060,  Xiulan Tan,CN,2020-03-13
3061,Victor OKAFOR,th,2023-02-24
3062,UMA MARTIN  ,fr,2023-12-12
3063,NINA BROWN,fr,2024-02-09
3064,Chen Ng,id,2020-04-12
3065,Giulia WONG  ,US,2023-09-09
3066,BAO YAMAMOTO,malaysia,2020-04-06
3067,Leila Andersen,india,2019-05-01
3068,GRACE WILLIAMS,Singapore,2022-02-28
3069,ELENA KHAN  ,japan,2022-08-02
3070,Bob Abbas,JP,2021-06-30
3071,YARA YAMAMOTO,IN,2022-08-06
3072,JUDY SINGH,DK,2019-12-04
3073,Dan Koh,my,2019-09-26
3074,Priya GOH  ,Singapore,2020-10-29
3075,JUN SINGH,SG,2019-10-24
3076,mallory rodriguez,indonesia,2021-03-10
3077,jun lim,dk,2022-11-07
3078,Grace MUELLER,jp,2022-09-15
3079,Rajesh KOH,china,2020-10-14
3080,bianca patel,US,2023-12-19
3081,Liam Davis,USA,2020-07-12
3082,Wei PEDERSEN,DK,2021-12-20
3083,TARIQ ADEBAYO  ,thailand,2019-08-12
3084,Xander MARTIN,india,2021-07-31
3085,JUN HUANG,US,2021-12-02
3086,  NOA TAN ,france,2019-06-19
3087,  caleb kumar,id,2021-03-16
3088,  CALEB MILLER,dk,2023-06-15
3089,mei kumar,in,2023-07-29
3090,Mei Goh,UK,2022-02-20
3091,  FARID WONG,japan,2022-09-19
3092,  Mallory Liu ,gb,2019-12-24
3093,Kenji Lee,usa,2022-01-31
3094,  kenji lee ,GB,2021-01-17
3095,alice mueller,in,2021-06-02
3096,Valentina SCHNEIDER,IN,2020-08-06
3097,Victor WILLIAMS  ,jp,2023-11-19
3098,  PEGGY HANSEN,usa,2019-06-28
3099,Oscar NGUYEN  ,india,2021-09-12
3100,VICTOR LIU  ,UK,2019-11-05
3101,XIULAN NGUYEN,TW,2020-03-11
3102,  Yusuf CHEN,Singapore,2023-03-31
3103,CHEN WONG,JAPAN,2020-09-22
3104,DEVI YAMAMOTO  ,indonesia,2021-03-04
3105,DEVI DUBOIS,thailand,2020-05-17
3106,Satoshi Singh,usa,2020-10-14
3107,Caleb Sato  ,china,2020-10-14
3108,alice kumar,USA,2021-07-13
3109,  Daniela Bernard, sg ,2023-07-02
3110,Noa Suzuki  ,Taiwan,2022-10-15
3111,  Priya Yamamoto,fr,2022-09-24
3112,TARIQ TAN,JAPAN,2023-07-27
3113,Indira Johnson,id,2021-01-07
3114,Farid Huang,china,2019-09-19
3115,Giulia WANG,JP,2021-08-19
3116,victor nguyen  ,Singapore,2022-12-08
3117,xander wong,china,2020-10-22
3118,Bao NGUYEN,US,2023-09-18
3119,  Xiulan KOH ,cn,2021-09-06
3120,BIANCA TAN,IN,2020-10-16
3121,MALLORY LIM,thailand,2024-02-23
3122,omar wang,US,2020-11-22
3123,Devi Miller  ,FRANCE,2020-09-25
3124,ZARA JENSEN,indonesia,2023-07-27
3125,Grace Sato,th,2019-09-08
3126,Ruth Davis,india,2020-04-23
3127,  EVE JENSEN ,Singapore,2021-12-23
3128,Farid Lee,FRANCE,2023-03-16
3129,ruth singh,france,2020-10-17
3130,  Judy GOH,MY,2022-11-11
3131,Tariq Singh,Taiwan,2019-05-05
3132,XIULAN JENSEN,my,2023-01-20
3133,  Yusuf SATO ,Taiwan,2023-04-26
3134,Nina HO  ,uk,2020-10-14
3135,giulia miller  ,th,2022-02-14
3136,oscar chen,sg,2021-09-11
3137,GRACE KOH,cn,2023-05-23
3138,FARID DAVIS,CN,2020-02-05
3139,Peggy Sato,uk,2019-08-04
3140,noa wang,gb,2023-01-10
3141,Haruto Ng,uk,2023-07-09
3142,  Haruto MUELLER,GB,2022-03-17
3143,WENDY TEO,MY,2024-03-07
3144,  oscar dubois ,Taiwan,2019-12-20
3145,Ursula Hansen,thailand,2019-12-20
3146,YARA NGUYEN,JAPAN,2021-09-13
3147,Judy Zhang,my,2020-06-05
3148,TARIQ PATEL  ,uk,2021-06-05
3149,  jun goh,DK,2021-06-21
3150,Haruto Wong,tw,2022-10-10
3151,  Arjun SATO,fr,2020-02-05
3152,Wei Smith,JP,2020-12-02
3153,Satoshi Patel,CN,2019-10-15
3154,Mei Wong  ,USA,2019-12-17
3155,VICTOR BERNARD,us,2023-09-04
3156,Liam CHEN  ,th,2023-04-25
3157,  Bob SMITH,UK,2020-07-24
3158,mei garcia,DK,2022-05-28
3159,  Devi Tan ,malaysia,2020-08-28
3160,Oscar Singh,malaysia,2020-12-14
3161,  victor lim ,india,2020-08-26
3162,Tariq Smith,usa,2021-10-28
3163,Quentin Garcia,CN,2020-04-17
3164,Yara Fischer,IN,2023-08-05
3165,  Ivan SMITH ,FRANCE,2019-07-23
3166,Devi DAVIS,jp,2020-06-20
3167,Wendy FISCHER,Taiwan,2020-01-17
3168,XIULAN TAN,india,2023-11-16
3169,QUENTIN OKAFOR  ,US,2023-08-01
3170,  Bianca Bernard,CN,2023-07-29
3171,Trent MUELLER,france,2020-01-23
3172,Arjun Adebayo  ,FRANCE,2021-05-19
3173,MALLORY MARTIN,CN,2022-02-13
3174,Omar MARTIN,USA,2022-01-16
3175,WENDY GOH,JP,2021-03-27
3176,xander dubois,JP,2019-09-19
3177,Indira Rodriguez  ,TH,2023-03-06
3178,KIRAN NGUYEN  ,TW,2019-05-07
3179,  Noa SMITH ,in,2024-01-02
3180,Grace HANSEN,france,2022-04-19
3181,JUN ADEBAYO  ,CN,2023-10-06
3182,OMAR ADEBAYO,UK,2022-11-13
3183,Ruth ANDERSEN,indonesia,2023-04-10
3184,aisha abbas,malaysia,2023-09-19
3185,Ruth Wong  ,MY,2021-06-17
3186,zach zhang,UK,2023-02-25
3187,  bob hansen ,cn,2021-11-15
3188,Tariq Johnson,indonesia,2019-12-11
3189,  ARJUN CHEN,uk,2024-02-14
3190,  Chen Abbas ,UK,2019-10-03
3191,Carol Dubois,IN,2022-10-30
3192,Frank Chen,tw,2024-03-06
3193,  Zach MARTIN,dk,2020-12-18
3194,  yara yamamoto,SG,2023-08-31
3195,bob abbas,China,2022-02-16
3196,URSULA LEE,jp,2022-05-20
3197,Bob Smith,malaysia,2023-02-01
3198,  TARIQ SCHNEIDER ,usa,2021-05-19
3199,Bob Abbas,us,2021-01-30
3200,URSULA ZHANG,tw,2019-06-07
3201,MEI HUANG,SINGAPORE,2019-10-11
3202,XANDER WANG,ID,2022-01-28
3203,Zara NG,fr,2019-11-24
3204,  wendy kumar,FRANCE,2022-02-26
3205,  Quentin Brown ,FR,2022-04-15
3206,OMAR WONG,UK,2023-12-05
3207,Wei SCHNEIDER,france,2023-08-16
3208,Arjun HANSEN,malaysia,2022-10-11
3209,Kenji ANDERSEN,ID,2021-01-14
3210,  Yusuf Mueller,france,2020-08-06
3211,  Victor Patel,indonesia,2023-07-24
3212,  URSULA GARCIA,my,2022-07-19
3213,IVAN NG,uk,2021-09-15
3214,ARJUN CHEN  ,FR,2022-02-03
3215,Devi Takahashi,jp,2020-01-26
3216,  Ursula Suzuki,sg,2021-11-21
3217,Nina KUMAR,gb,2019-12-25
3218,yara patel  ,UK,2023-10-29
3219,  LIAM NG,uk,2021-02-23
3220,  Noa Davis ,indonesia,2021-07-16
3221,Ruth Schneider,usa,2020-11-27
3222,BOB MILLER,france,2023-10-15
3223,leila mueller  ,GB,2021-09-18
3224,Kiran Suzuki,cn,2020-08-07
3225,Eve Adebayo,IN,2023-11-08
3226,wendy miller,SINGAPORE,2023-12-23
3227,Heidi Davis  ,JP,2021-12-27
3228,  Mallory Jensen ,id,2019-06-04
3229,  Xiulan Nguyen ,IN,2019-12-20
3230,MEI SATO,tw,2023-03-13
3231,Uma WANG,usa,2021-01-25
3232,  NINA KHAN,japan,2022-07-09
3233,Victor Adebayo,SG,2019-12-10
3234,RUTH KOH,thailand,2021-08-17
3235,  Elena Wang ,jp,2022-02-26
3236,Ursula BROWN,Taiwan,2020-08-31
3237,Eve Fischer  ,Singapore,2024-03-08
3238,Mallory SATO,malaysia,2021-05-10
3239,caleb nguyen,japan,2023-07-17
3240,ARJUN KHAN,japan,2019-05-30
3241,Zach Dubois,USA,2020-04-13
3242,  Haruto Liu, sg ,2019-05-28
3243,victor sato  ,tw,2021-10-28
3244,Devi Davis,indonesia,2019-10-29
3245,  Omar Ho ,cn,2019-08-20
3246,Wendy SCHNEIDER  ,gb,2023-03-19
3247,Judy Takahashi  ,us,2019-04-28
3248,  Yusuf SCHNEIDER , sg ,2019-09-19
3249,mallory lim,SG,2020-05-05
3250,Zara Okafor,CN,2020-05-25
3251,Leila KOH  ,GB,2023-03-13
3252,Xiulan Lim,in,2020-10-08
3253,Victor WILLIAMS  , sg ,2021-08-27
3254,Arjun Brown,UK,2020-01-22
3255,Devi MARTIN,denmark,2023-08-04
3256,rajesh nguyen  ,in,2021-02-25
3257,OMAR TAN  ,us,2020-12-17
3258,zach davis  ,DK,2024-02-02
3259,Haruto Wang  ,Taiwan,2023-07-04
3260,Satoshi Zhang,france,2020-11-11
3261,  Devi Lim ,JAPAN,2021-05-18
3262,INDIRA OKAFOR,gb,2020-06-19
3263,  Judy DAVIS ,JAPAN,2023-08-30
3264,  Bob Tan,IN,2022-12-20
3265,Grace Bernard,jp,2021-12-22
3266,Yusuf JENSEN,id,2022-04-02
3267,  Victor Lee,gb,2020-12-31
3268,JUDY MARTIN,FR,2022-09-03
3269,  priya andersen,usa,2019-09-03
3270,Ursula Smith,GB,2020-03-26
3271,Daniela Brown  ,france,2022-12-08
3272,Farid Ho,denmark,2022-02-15
3273,grace wang  ,China,2022-06-02
3274,Ruth LEE  ,china,2021-02-24
3275,  Liam Andersen ,tw,2023-04-10
3276,Haruto Nguyen,usa,2021-04-11
3277,  Uma Bernard ,JAPAN,2021-07-07
3278,Zach Abbas,id,2019-10-25
3279,Mallory Smith,JAPAN,2021-06-24
3280,Trent Koh,us,2021-04-23
3281,zara brown,tw,2021-10-22
3282,  XIULAN NG,SG,2023-09-20
3283,Xander Ho  ,JAPAN,2023-09-29
3284,farid mueller,MY,2020-01-13
3285,QUENTIN PEDERSEN,thailand,2023-09-24
3286,  ZARA BROWN,IN,2021-11-25
3287,Priya Huang,france,2021-05-28
3288,Oscar Brown  ,Taiwan,2021-12-28
3289,WENDY BERNARD,malaysia,2023-01-07
3290,  EVE WONG,japan,2022-07-26
3291,CAROL YAMAMOTO,id,2022-01-07
3292,Dan Chen,Singapore,2023-04-29
3293,  alice miller ,france,2022-04-26
3294,  Devi Brown ,GB,2023-03-11
3295,  OMAR JOHNSON,tw,2022-01-12
3296,Zara PATEL  ,my,2024-02-10
3297,farid ho,TW,2022-03-25
3298,Yara Mueller  ,TH,2020-07-14
3299,zach suzuki,IN,2020-12-01
3300,Giulia Singh  ,UK,2022-11-24
3301,Victor Khan,india,2019-10-16
3302,Zach Zhang,FR,2023-03-18
3303,Noa Koh,TH,2022-09-23
3304,WENDY MUELLER,China,2019-11-19
3305,INDIRA ABBAS,China,2020-04-03
3306,  INDIRA DAVIS ,JP,2021-10-13
3307,  Kiran Williams,JP,2023-04-22
3308,Dan MILLER,india,2022-10-12
3309,Omar Wang,FRANCE,2023-10-06
3310,Bao Wang,JAPAN,2020-02-21
3311,  Nina Rodriguez ,denmark,2023-10-29
3312,  caleb okafor,china,2019-11-14
3313,Peggy Patel,JP,2021-09-20
3314,Bianca KHAN,TW,2019-11-18
3315,WENDY KOH,US,2022-08-03
3316,grace chen  ,IN,2023-03-23
3317,DANIELA FISCHER,th,2022-05-13
3318,Yusuf Koh,FRANCE,2019-12-23
3319,  TRENT SMITH,in,2023-09-17
3320,Farid NG,ID,2021-04-04
3321,  Quentin Adebayo,denmark,2020-05-05
3322,  Leila Wang, sg ,2021-07-21
3323,chen kumar,malaysia,2023-11-03
3324,HEIDI KHAN,dk,2024-01-14
3325,  Yara Tan,id,2020-01-19
3326,Noa Wang,USA,2022-04-04
3327,  Giulia Koh ,TW,2019-05-26
3328,Alice Fischer,Taiwan,2019-06-22
3329,yara goh,CN,2021-11-15
3330,Caleb Rodriguez  ,fr,2021-12-07
3331,HEIDI BERNARD,IN,2020-09-27
3332,MALLORY DUBOIS  ,Taiwan,2022-05-14
3333,VICTOR SUZUKI  ,us,2023-02-15
3334,Alice JENSEN,TW,2022-02-19
3335,quentin yamamoto,sg,2022-05-29
3336,Rajesh KHAN  ,in,2020-09-04
3337,bob schneider,in,2022-02-14
3338,Devi Johnson,MY,2022-09-10
3339,mei abbas  ,id,2022-06-24
3340,  Carol Wong ,JP,2023-09-02
3341,AISHA PATEL,in,2021-12-17
3342,XIULAN MARTIN,my,2023-10-29
3343,Alice KOH,china,2023-02-03
3344,caleb wong  ,TW,2020-01-28
3345,Zara ABBAS,denmark,2021-08-30
3346,  XANDER WILLIAMS ,GB,2019-12-26
3347,  Arjun JENSEN ,cn,2019-05-10
3348,Ivan Fischer,GB,2023-09-25
3349,Kiran Tan,denmark,2023-02-16
3350,oscar adebayo,FRANCE,2023-11-05
3351,  Carol Hansen ,indonesia,2019-05-14
3352,  Haruto PATEL ,SG,2022-02-28
3353,  RUTH SATO,china,2023-11-16
3354,  Kenji JOHNSON,Singapore,2020-04-13
3355,tariq nguyen,thailand,2021-07-17
3356,  Omar HANSEN,JAPAN,2020-02-16
3357,FRANK WILLIAMS,FR,2020-01-20
3358,Yusuf Bernard  ,TH,2024-02-25
3359,Daniela Mueller,Singapore,2022-08-18
3360,VALENTINA CHEN,Singapore,2022-03-06
3361,devi liu,usa,2021-08-14
3362,FRANK HUANG,IN,2020-11-30
3363,  URSULA LEE,my,2021-11-19
3364,PRIYA CHEN,id,2020-08-28
3365,Aisha Smith,JP,2020-02-28
3366,Victor Pedersen,IN,2019-07-22
3367,Giulia Martin,uk,2021-04-11
3368,Kiran Rodriguez  ,SG,2021-03-05
3369,  liam pedersen ,uk,2021-12-20
3370,SATOSHI TAKAHASHI,MY,2023-02-25
3371,Zach LEE,usa,2021-02-14
3372,arjun jensen,uk,2020-08-03
3373,Chen NG,jp,2019-10-26
3374,Mallory PATEL,CN,2022-08-05
3375,GIULIA ANDERSEN,FRANCE,2020-10-30
3376,  UMA WILLIAMS ,MY,2021-06-21
3377,GRACE SINGH,sg,2022-02-14
3378,  Mallory BERNARD,MY,2022-10-26
3379,Uma BROWN,Singapore,2019-06-26
3380,Arjun Abbas, sg ,2020-01-18
3381,sybil singh,SG,2022-02-09
3382,EVE PEDERSEN  ,france,2023-12-09
3383,Bao Khan,FR,2021-09-04
3384,  Jun FISCHER,india,2020-01-12
3385,carol ng  ,IN,2022-08-06
3386,Giulia Ho  ,in,2020-06-09
3387,  Tariq BROWN,UK,2019-12-16
3388,  Noa LIU ,id,2022-08-14
3389,AISHA MUELLER,my,2021-11-19
3390,VALENTINA TEO,JAPAN,2023-03-11
3391,Satoshi Jensen,sg,2023-03-12
3392,Ruth PEDERSEN,thailand,2020-09-06
3393,valentina martin,TH,2023-02-21
3394,Mei Davis,sg,2020-08-08
3395,  HEIDI SCHNEIDER ,us,2021-04-13
3396,Xiulan Jensen  ,france,2020-02-24
3397,caleb wang  ,dk,2022-01-22
3398,  Wei Okafor,TW,2023-07-09
3399,VALENTINA TAKAHASHI,CN,2021-06-24
3400,omar okafor,my,2023-10-07
3401,ARJUN HANSEN,usa,2022-10-05
3402,  wendy fischer ,FR,2021-11-08
3403,  Kiran Andersen ,ID,2021-10-08
3404,Mallory KHAN,in,2022-12-30
3405,Noa Ho  ,CN,2020-11-08
3406,  UMA SCHNEIDER,China,2022-02-25
3407,Victor SATO  ,china,2023-05-17
3408,BAO TAN,fr,2023-10-01
3409,  Wei WONG,FRANCE,2019-07-06
3410,bianca miller,CN,2021-02-11
3411,JUN HANSEN,gb,2021-12-09
3412,  Valentina Williams , sg ,2020-10-06
3413,BOB WILLIAMS,MY,2020-12-07
3414,wei wong,japan,2023-09-23
3415,Farid KUMAR,USA,2020-10-31
3416,oscar goh,Singapore,2023-02-01
3417,Xiulan SINGH,china,2020-09-30
3418,  Kenji Kumar ,ID,2023-02-08
3419,Victor ADEBAYO,UK,2021-04-07
3420,ZARA KHAN  ,CN,2021-03-28
3421,  NOA ANDERSEN,jp,2019-10-06
3422,  ivan brown,JAPAN,2021-08-22
3423,bianca singh,usa,2022-02-05
3424,Oscar Smith,dk,2023-08-31
3425,  Haruto Takahashi ,ID,2023-12-24
3426,Haruto Fischer, sg ,2023-05-31
3427,Kiran Teo  ,tw,2022-05-17
3428,SYBIL HUANG,Singapore,2019-10-29
3429,Bianca HO,TW,2023-03-14
3430,  Yusuf Koh,usa,2019-08-16
3431,VICTOR HO  ,japan,2020-08-12
3432,  ursula wong,japan,2024-01-08
3433,ELENA DUBOIS,USA,2023-09-12
3434,OSCAR HUANG,CN,2021-02-23
3435,Peggy JENSEN,china,2021-04-22
3436,omar bernard, sg ,2019-08-19
3437,  Ursula Ng,indonesia,2022-01-08
3438,Peggy Nguyen,sg,2023-07-12
3439,  Ruth Smith ,sg,2022-05-04
3440,  TARIQ SMITH,FR,2020-01-28
3441,Valentina Hansen,USA,2023-07-19
3442,  Kenji CHEN ,india,2023-04-08
3443,RUTH SINGH,jp,2020-11-03
3444,frank davis,gb,2020-11-04
3445,Heidi HO,SINGAPORE,2022-09-29
3446,Yara LIU  ,jp,2020-03-08
3447,Yusuf JOHNSON,GB,2021-12-09
3448,Yara ABBAS,china,2022-03-19
3449,  jun brown,china,2019-07-16
3450,JUDY WILLIAMS  ,malaysia,2022-09-29
3451,jun adebayo,in,2020-04-19
3452,Farid Adebayo  ,IN,2020-11-04
3453,Wendy Kumar,sg,2023-01-21
3454,EVE LEE,Singapore,2019-10-19
3455,Priya Jensen,China,2019-09-15
3456,Liam Koh,thailand,2021-04-18
3457,leila okafor,DK,2021-07-21
3458,  caleb chen,US,2020-09-23
3459,KENJI SATO,ID,2022-11-29
3460,  yusuf takahashi,JAPAN,2023-03-29
3461,  Wendy Brown,UK,2022-04-02
3462,Satoshi Zhang,indonesia,2020-12-06
3463,Bao CHEN,SINGAPORE,2020-03-17
3464,  Indira Chen,DK,2021-09-27
3465,Eve PEDERSEN,JAPAN,2024-03-20
3466,frank nguyen,dk,2019-06-05
3467,Rajesh BROWN,FR,2021-11-30
3468,peggy chen,JP,2022-08-05
3469,aisha smith,id,2022-09-03
3470,  Dan KOH,fr,2022-07-23
3471,ursula patel,jp,2020-03-25
3472,BIANCA MILLER  ,france,2022-02-09
3473,devi johnson,gb,2023-07-12
3474,xiulan okafor,DK,2020-09-23
3475,KENJI DAVIS,malaysia,2021-12-14
3476,Yusuf Wong,JP,2024-01-24
3477,Jun Martin  ,China,2021-06-30
3478,MALLORY ANDERSEN,thailand,2022-03-14
3479,bob johnson,China,2019-06-21
3480,URSULA ADEBAYO,tw,2022-06-21
3481,  Valentina Goh,TH,2021-11-30
3482,heidi smith,MY,2022-11-14
3483,YUSUF BERNARD,id,2020-07-03
3484,zara goh  ,gb,2022-09-26
3485,Rajesh Rodriguez,fr,2022-10-19
3486,Priya HO,india,2021-08-28
3487,Satoshi Lim  ,SINGAPORE,2020-01-13
3488,Tariq Martin,india,2020-12-30
3489,  Ruth Yamamoto ,india,2022-07-02
3490,  Alice Hansen,USA,2023-01-19
3491,Priya BERNARD  ,UK,2022-07-05
3492,dan pedersen  ,UK,2020-07-19
3493,Heidi Lee,sg,2019-10-11
3494,alice nguyen,japan,2023-08-01
3495,Heidi MILLER,my,2019-12-25
3496,Sybil Zhang  ,sg,2022-10-21
3497,Wei Tan,JAPAN,2020-09-13
3498,Tariq Singh,US,2023-09-20
3499,Zach Garcia,sg,2023-08-11
3500,Bao Ho  ,japan,2021-03-16
3501,nina miller,Taiwan,2021-11-17
3502,PRIYA PATEL  ,france,2023-10-30
3503,giulia fischer,indonesia,2023-05-27
3504,bob adebayo,China,2024-01-01
3505,Bao Lim,IN,2020-02-27
3506,ursula singh,China,2021-07-25
3507,  INDIRA NGUYEN,in,2022-05-24
3508,Mei Hansen,dk,2019-10-09
3509,  Daniela JENSEN,china,2023-06-10
3510,  Peggy Andersen,france,2023-04-01
3511,SATOSHI DAVIS,SG,2022-11-18
3512,Quentin ADEBAYO,FRANCE,2021-11-08
3513,CALEB SUZUKI  ,US,2020-08-04
3514,Quentin PEDERSEN,in,2022-08-05
3515,Eve Adebayo,DK,2023-05-14
3516,Omar Rodriguez,China,2020-05-19
3517,yara abbas  ,MY,2020-07-26
3518,Indira Ho  ,TH,2020-04-04
3519,Aisha Garcia,JP,2021-07-27
3520,  Kenji Ho,my,2022-11-04
3521,dan miller,in,2021-06-03
3522,  Judy GARCIA ,UK,2023-02-04
3523,wendy rodriguez,th,2020-04-26
3524,  Xander BROWN , sg ,2023-07-05
3525,VICTOR DUBOIS,TH,2022-04-05
3526,Omar Teo,denmark,2021-11-06
3527,heidi kumar,JAPAN,2024-01-06
3528,  mallory jensen,SINGAPORE,2023-02-23
3529,ivan lim, sg ,2022-01-03
3530,SATOSHI HO,uk,2020-07-06
3531,wendy goh,UK,2023-07-06
3532,Ursula Liu,Singapore,2020-10-18
3533,XANDER GARCIA,FR,2022-12-16
3534,Uma HANSEN,my,2019-09-27
3535,Arjun ABBAS,gb,2023-07-04
3536,Omar GOH,FRANCE,2023-11-23
3537,Wei Singh,china,2019-12-27
3538,Bao PATEL,denmark,2020-07-21
3539,VICTOR PATEL,SINGAPORE,2021-05-29
3540,  RUTH ZHANG,MY,2020-03-15
3541,DEVI HANSEN  ,uk,2022-09-06
3542,Sybil SINGH  ,fr,2021-06-07
3543,Arjun Adebayo,my,2022-11-03
3544,Leila WANG  ,MY,2024-03-15
3545,Giulia Nguyen,malaysia,2020-06-11
3546,Heidi HUANG,indonesia,2022-11-22
3547,Judy Takahashi,us,2023-02-23
3548,bao lee  ,china,2023-01-24
3549,ALICE TEO,CN,2023-03-06
3550,KIRAN LEE,TW,2021-03-23
3551,  Nina Williams,cn,2021-03-16
3552,elena suzuki,TH,2024-03-20
3553,  Quentin RODRIGUEZ ,thailand,2023-02-14
3554,arjun nguyen,DK,2022-05-09
3555,Trent ZHANG, sg ,2019-08-20
3556,Peggy Garcia,usa,2019-12-19
3557,Yara Zhang,uk,2020-01-08
3558,Jun Pedersen,China,2020-12-14
3559,DANIELA WILLIAMS,IN,2020-09-01
3560,SYBIL CHEN  ,uk,2020-12-29
3561,  Zach YAMAMOTO, sg ,2020-07-14
3562,  Heidi HUANG ,sg,2022-03-21
3563,giulia dubois,Singapore,2020-05-04
3564,GIULIA ZHANG,UK,2024-02-15
3565,Judy Suzuki  ,GB,2022-06-06
3566,  ursula yamamoto,Singapore,2021-02-16
3567,Kenji JOHNSON,ID,2023-03-07
3568,sybil lee,th,2022-02-25
3569,Yara Suzuki,china,2024-02-25
3570,ursula pedersen,gb,2022-02-10
3571,Bao PEDERSEN  ,denmark,2023-08-25
3572,Yusuf MARTIN,JAPAN,2023-05-13
3573,Giulia Brown  ,th,2023-09-06
3574,chen khan,id,2019-09-24
3575,Yusuf MARTIN,MY,2022-09-17
3576,OSCAR LEE,usa,2020-05-27
3577,GIULIA ANDERSEN,tw,2022-02-27
3578,Daniela NG,fr,2023-01-14
3579,grace takahashi,uk,2020-03-06
3580,Arjun ADEBAYO  ,UK,2023-08-12
3581,EVE WANG,france,2019-11-24
3582,heidi suzuki,GB,2019-04-26
3583,bob zhang,china,2020-08-20
3584,rajesh schneider,TW,2023-02-05
3585,judy chen,US,2021-09-03
3586,ursula andersen,tw,2022-02-14
3587,Devi Patel,in,2022-03-10
3588,Valentina Zhang,ID,2020-04-15
3589,Wendy Goh,china,2021-06-24
3590,Leila Suzuki,japan,2022-06-14
3591,LIAM KUMAR,JP,2019-09-14
3592,YARA WANG,GB,2020-01-12
3593,Noa FISCHER,IN,2023-07-09
3594,Dan Garcia  ,usa,2022-09-14
3595,Mallory Garcia  ,india,2019-06-08
3596,Xiulan JENSEN  ,ID,2021-08-29
3597,  carol davis ,in,2021-08-31
3598,  Liam ANDERSEN ,GB,2022-12-05
3599,TARIQ ABBAS  ,UK,2019-07-07
3600,BOB HO,TW,2022-05-16
3601,ruth mueller,usa,2021-02-06
3602,Mei TEO,GB,2022-06-17
3603,  carol jensen,SG,2022-08-08
3604,  BOB MILLER ,USA,2022-05-20
3605,CHEN DAVIS,ID,2023-08-20
3606,  Grace Smith ,china,2023-01-21
3607,Alice MILLER,in,2021-03-04
3608,  EVE KHAN,fr,2021-03-05
3609,Eve MILLER,DK,2023-07-01
3610,Eve SUZUKI,india,2023-08-26
3611,UMA SMITH,CN,2022-06-18
3612,  Victor Huang ,China,2022-03-07
3613,  WEI ZHANG,china,2020-01-19
3614,Zara Davis,thailand,2023-12-07
3615,Indira Patel,th,2020-09-25
3616,Aisha Singh, sg ,2019-05-29
3617,  MALLORY TAKAHASHI ,Taiwan,2020-03-09
3618,Eve Okafor  ,sg,2019-11-15
3619,  SYBIL SINGH ,sg,2020-08-07
3620,Liam TAKAHASHI,sg,2019-07-31
3621,Satoshi KHAN  ,US,2021-12-04
3622,Leila NGUYEN,india,2019-12-15
3623,Kiran TAN  ,SG,2023-05-29
3624,Xiulan Miller  ,usa,2023-01-05
3625,  Bao Schneider ,US,2020-11-01
3626,leila takahashi  ,GB,2021-10-24
3627,oscar patel,sg,2023-10-01
3628,  UMA HUANG ,us,2023-10-01
3629,CALEB RODRIGUEZ,india,2022-08-03
3630,Xiulan Miller,uk,2020-10-11
3631,Liam TEO,IN,2020-02-12
3632,Frank LEE,JP,2023-04-18
3633,  CAROL JENSEN ,denmark,2024-02-06
3634,Valentina Rodriguez,USA,2023-04-13
3635,devi bernard,JP,2021-10-23
3636,EVE DAVIS,TH,2022-02-28
3637,Omar Abbas,cn,2020-05-30
3638,Wendy Kumar,Singapore,2023-12-27
3639,DEVI WILLIAMS  , sg ,2021-04-04
3640,WEI SATO,gb,2021-06-13
3641,carol goh,US,2023-06-30
3642,Sybil Lim,USA,2023-02-27
3643,Grace PATEL, sg ,2022-12-27
3644,BAO KUMAR,france,2022-09-28
3645,DEVI SUZUKI,sg,2022-08-14
3646,Farid Adebayo,dk,2020-12-25
3647,Grace LIU,japan,2023-12-28
3648,Daniela Liu  ,GB,2020-08-25
3649,Priya WILLIAMS  ,fr,2020-04-24
3650,giulia smith,thailand,2019-06-26
3651,Mei OKAFOR,JP,2020-06-13
3652,omar williams  ,SG,2023-04-18
3653,Frank Pedersen,china,2024-01-10
3654,  Satoshi Chen,China,2019-06-09
3655,Heidi Ng  ,IN,2019-08-19
3656,  heidi khan ,usa,2021-06-03
3657,  mallory patel ,my,2023-11-12
3658,  Zach JENSEN ,china,2020-10-11
3659,Xander Andersen  ,FRANCE,2021-04-08
3660,ARJUN GOH,ID,2020-12-03
3661,Ruth HUANG,tw,2020-01-25
3662,  CAROL ANDERSEN,FRANCE,2022-12-14
3663,NOA ABBAS,fr,2020-10-11
3664,Xiulan ADEBAYO,my,2019-06-17
3665,ALICE KHAN,tw,2021-03-07
3666,Zach Patel,thailand,2019-05-23
3667,Zach CHEN,india,2021-08-22
3668,Kiran Brown,TH,2020-12-16
3669,xander khan  ,GB,2021-03-01
3670,ruth hansen  ,sg,2021-09-12
3671,  Liam HUANG,us,2019-09-07
3672,GIULIA TAN,china,2022-12-29
3673,Satoshi Martin,Taiwan,2023-08-21
3674,  caleb khan, sg ,2020-11-29
3675,Peggy Wang,cn,2023-10-29
3676,Daniela Hansen  ,gb,2022-01-06
3677,Devi GARCIA,US,2022-04-26
3678,  Priya Martin,cn,2019-11-15
3679,Quentin HANSEN  ,dk,2019-11-14
3680,Elena SATO,dk,2020-11-30
3681,CAROL NG,GB,2019-07-23
3682,Victor Tan,thailand,2023-11-01
3683,  Noa PEDERSEN,UK,2020-12-19
3684,Judy Wong,usa,2022-05-27
3685,Quentin Jensen,dk,2021-12-03
3686,XANDER HO,china,2019-11-15
3687,Zach Fischer,france,2021-10-09
3688,ZARA JOHNSON,JAPAN,2020-06-06
3689,  Jun KUMAR,usa,2021-07-26
3690,GIULIA SUZUKI,dk,2022-12-28
3691,Bob YAMAMOTO,China,2023-07-13
3692,Daniela Dubois,tw,2020-03-08
3693,Indira Garcia,japan,2021-05-01
3694,Heidi Adebayo  ,Taiwan,2023-12-30
3695,yusuf dubois,cn,2021-07-10
3696,  Dan KUMAR ,my,2020-03-06
3697,  Caleb Goh,CN,2023-01-05
3698,Leila Suzuki,france,2019-05-12
3699,Rajesh Smith,ID,2022-03-21
3700,  tariq wong ,my,2022-02-19
3701,bob nguyen,US,2019-10-18
3702,  Kenji Lim ,SG,2020-04-14
3703,Ivan MARTIN,ID,2023-09-10
3704,  Satoshi Kumar ,indonesia,2022-04-21
3705,peggy okafor,IN,2020-09-23
3706,Bianca TEO,CN,2023-10-01
3707,  SYBIL DAVIS,Taiwan,2021-11-13
3708,  Nina Hansen ,uk,2022-07-26
3709,XANDER PEDERSEN,Singapore,2019-06-26
3710,Giulia Davis,france,2023-01-21
3711,kiran johnson,JP,2023-10-27
3712,  Bao Sato ,fr,2022-01-07
3713,  satoshi miller ,in,2019-12-15
3714,Sybil BERNARD,jp,2020-12-18
3715,  KIRAN TEO,UK,2023-08-05
3716,farid lee,denmark,2023-03-29
3717,  Yusuf ABBAS ,my,2021-06-26
3718,  Mallory SCHNEIDER,uk,2021-05-01
3719,Alice Brown  ,thailand,2021-04-05
3720,  Eve Liu,FR,2020-12-16
3721,NINA GOH,denmark,2023-07-05
3722,FRANK TAN,usa,2021-12-23
3723,Judy Smith,china,2023-01-15
3724,Mei MARTIN  ,th,2021-11-07
3725,YARA CHEN,france,2022-09-17
3726,farid koh,denmark,2021-04-02
3727,elena andersen,fr,2019-07-13
3728,JUDY PEDERSEN,DK,2022-03-14
3729,  Priya Nguyen ,IN,2019-05-08
3730,yusuf yamamoto,cn,2020-03-06
3731,  HEIDI NG ,US,2024-02-13
3732,  Victor Andersen,TH,2023-06-14
3733,DAN SCHNEIDER,DK,2023-02-20
3734,  PRIYA KHAN ,GB,2021-09-18
3735,EVE GOH,MY,2022-08-26
3736,CAROL YAMAMOTO, sg ,2020-05-25
3737,Mei Nguyen,uk,2019-09-11
3738,QUENTIN PATEL  ,JAPAN,2023-01-07
3739,  Frank Ho ,MY,2019-09-30
3740,  Mallory Goh ,denmark,2024-02-03
3741,Alice Davis  ,japan,2021-01-27
3742,rajesh singh,in,2022-07-20
3743,giulia huang,Taiwan,2021-03-19
3744,  CALEB HO ,SG,2021-11-27
3745,Valentina BROWN,US,2020-03-10
3746,Tariq ANDERSEN,usa,2020-11-20
3747,QUENTIN PEDERSEN,MY,2019-09-09
3748,DAN BERNARD  ,fr,2023-06-01
3749,RAJESH HO  ,ID,2019-05-09
3750,Xiulan Smith,in,2023-12-17
3751,Dan GARCIA  , sg ,2020-07-23
3752,Aisha Schneider,ID,2021-12-22
3753,Dan MUELLER,thailand,2020-02-28
3754,Arjun Tan,China,2021-11-02
3755,Aisha Dubois,GB,2020-11-17
3756,ZACH GARCIA  ,FRANCE,2023-10-07
3757,Liam KHAN,usa,2021-01-23
3758,VICTOR BERNARD,cn,2020-01-21
3759,Haruto SMITH,IN,2024-03-20
3760,Quentin Tan  ,india,2019-10-19
3761,valentina wang,th,2020-02-02
3762,YUSUF NGUYEN  ,fr,2022-03-17
3763,jun rodriguez,JAPAN,2020-12-27
3764,QUENTIN BROWN,TH,2021-09-28
3765,Peggy DUBOIS,us,2020-06-26
3766,  mallory teo,japan,2022-01-06
3767,Priya RODRIGUEZ,in,2021-07-05
3768,  Haruto KHAN ,india,2021-02-22
3769,arjun sato,MY,2022-03-05
3770,Bao KHAN  ,id,2022-10-14
3771,GIULIA WILLIAMS  ,GB,2023-05-02
3772,  Arjun Andersen,IN,2022-01-04
3773,JUDY KHAN,japan,2022-07-25
3774,Omar Bernard,china,2020-12-24
3775,noa garcia,TH,2022-11-19
3776,RUTH MARTIN,cn,2021-06-25
3777,BAO FISCHER,US,2021-10-03
3778,  Grace ANDERSEN,JAPAN,2022-08-12
3779,  Chen Yamamoto ,jp,2021-11-15
3780,Bob Lim  ,ID,2019-05-12
3781,giulia sato  ,USA,2023-02-04
3782,Carol Schneider,Taiwan,2020-04-24
3783,Yara Adebayo,usa,2023-03-20
3784,  Ruth Garcia,malaysia,2022-06-19
3785,  Kiran HO, sg ,2023-03-23
3786,judy hansen,my,2022-07-05
3787,  Devi YAMAMOTO,SG,2022-10-04
3788,Mei Okafor,FR,2019-08-09
3789,Heidi Takahashi,th,2019-11-20
3790,Leila Mueller,SINGAPORE,2020-01-06
3791,Haruto Liu,MY,2022-09-10
3792,Bao Liu,th,2020-06-20
3793,Jun MARTIN,FRANCE,2019-10-29
3794,RUTH RODRIGUEZ  ,UK,2021-03-01
3795,Xiulan Williams,fr,2024-02-10
3796,Carol YAMAMOTO  ,gb,2019-08-03
3797,Dan Hansen  ,ID,2019-07-01
3798,TARIQ WILLIAMS,Taiwan,2020-09-12
3799,Peggy Miller,SG,2020-08-14
3800,Zach Sato,tw,2022-04-28
3801,BAO WONG,usa,2023-08-12
3802,eve nguyen,dk,2020-08-29
3803,  DAN KOH,China,2022-11-01
3804,  Mei Jensen ,MY,2020-07-06
3805,Bianca MUELLER  ,IN,2022-02-16
3806,omar chen, sg ,2020-06-29
3807,  Ursula WILLIAMS,UK,2023-11-16
3808,Aisha Rodriguez,malaysia,2019-07-09
3809,indira bernard  ,thailand,2020-12-09
3810,YUSUF DAVIS,thailand,2023-11-01
3811,ARJUN ABBAS,FR,2022-08-12
3812,Tariq RODRIGUEZ,cn,2024-02-18
3813,DANIELA PEDERSEN,IN,2022-07-31
3814,Bob Pedersen,fr,2020-02-03
3815,Satoshi Fischer  ,SG,2023-09-27
3816,  VICTOR ZHANG ,china,2019-08-31
3817,UMA TEO  ,FRANCE,2022-06-11
3818,GIULIA PEDERSEN,sg,2020-06-13
3819,Noa Smith  ,uk,2019-06-11
3820,Yara Liu,FR,2019-07-21
3821,Uma Andersen,FRANCE,2022-08-03
3822,  caleb hansen,MY,2020-05-14
3823,  Victor SCHNEIDER,denmark,2021-06-22
3824,Heidi Khan  ,SINGAPORE,2021-12-06
3825,ZARA SCHNEIDER,us,2022-12-18
3826,uma lim,DK,2019-05-23
3827,Ursula Nguyen,us,2020-05-07
3828,Bao Sato  ,my,2022-08-04
3829,omar rodriguez,malaysia,2020-10-09
3830,Carol CHEN  ,indonesia,2023-10-29
3831,MALLORY NGUYEN,USA,2021-11-24
3832,Tariq Ho,sg,2021-12-22
3833,  Chen Hansen ,USA,2023-03-19
3834,  Kenji WANG,IN,2019-07-21
3835,Haruto GARCIA,tw,2020-06-15
3836,Omar Sato,UK,2023-01-16
3837,HARUTO PEDERSEN,UK,2023-03-16
3838,Quentin Lee,TH,2019-09-23
3839,eve huang,in,2019-08-19
3840,Xiulan Lee,FRANCE,2019-12-08
3841,Ursula SUZUKI,GB,2022-12-18
3842,bob kumar,jp,2023-10-16
3843,TARIQ SINGH  ,UK,2020-05-07
3844,Giulia LIU  ,china,2023-11-26
3845,Quentin Andersen,DK,2023-01-03
3846,  aisha goh,sg,2019-08-20
3847,Carol HUANG,gb,2024-01-29
3848,  Dan Davis ,JAPAN,2019-11-04
3849,BAO GOH,UK,2020-09-04
3850,Farid Hansen,China,2021-03-12
3851,Zach Martin,China,2019-07-06
3852,  priya mueller,FRANCE,2023-11-04
3853,  Satoshi Kumar ,uk,2020-02-05
3854,indira chen  ,US,2023-05-26
3855,  Wendy MUELLER,ID,2020-11-20
3856,Ivan Johnson,JAPAN,2023-01-13
3857,VALENTINA LIU,FRANCE,2021-01-06
3858,Ivan Huang,USA,2023-08-14
3859,JUDY WONG,DK,2022-02-10
3860,DEVI SCHNEIDER,japan,2021-02-26
3861,yusuf adebayo  ,indonesia,2019-09-03
3862,Giulia Ho,Singapore,2020-04-08
3863,oscar lee,in,2020-01-30
3864,  URSULA FISCHER,SG,2023-03-25
3865,Farid SUZUKI,india,2022-04-16
3866,FARID NG,sg,2021-06-07
3867,wei singh  ,japan,2020-03-17
3868,nina koh,in,2023-11-18
3869,Victor PATEL,denmark,2020-01-12
3870,  Carol Jensen,india,2021-01-24
3871,GIULIA NG,TH,2024-03-09
3872,  Giulia WONG,TH,2023-04-21
3873,  RUTH NG,cn,2020-08-03
3874,Valentina SMITH,france,2019-07-31
3875,GRACE WANG,SINGAPORE,2020-08-29
3876,UMA WONG  ,tw,2022-04-02
3877,mallory wang,france,2020-08-16
3878,wendy davis,cn,2023-09-25
3879,Mei Huang,ID,2021-11-27
3880,Caleb Johnson  ,thailand,2024-03-16
3881,Wei Miller  ,tw,2023-06-13
3882,TRENT WONG,USA,2019-05-04
3883,Kenji ZHANG,USA,2022-06-25
3884,Arjun ADEBAYO,france,2024-01-13
3885,Leila Dubois,usa,2020-01-18
3886,Xiulan MUELLER  ,cn,2022-05-05
3887,bao liu,china,2021-07-01
3888,SATOSHI ADEBAYO,SINGAPORE,2019-10-23
3889,  Chen Lee,thailand,2022-05-26
3890,JUDY GOH,cn,2023-02-02
3891,Victor ANDERSEN,GB,2022-01-07
3892,  TRENT NGUYEN ,CN,2021-05-02
3893,Dan MILLER,China,2020-03-28
3894,grace wong  ,india,2022-07-30
3895,Grace Lee,IN,2021-06-23
3896,IVAN WANG  ,usa,2022-05-21
3897,Ivan PATEL,SINGAPORE,2021-09-22
3898,BOB LIU,france,2022-09-07
3899,Wei Nguyen  ,india,2020-12-28
3900,valentina smith,Taiwan,2022-07-18
3901,Priya GARCIA,SG,2023-09-05
3902,Elena MILLER  ,dk,2022-05-16
3903,Dan WONG,ID,2019-05-15
3904,PEGGY GOH,TW,2020-04-18
3905,PEGGY PATEL  ,in,2021-08-29
3906,Kiran SUZUKI,JP,2020-12-01
3907,Wei OKAFOR,gb,2021-08-27
3908,tariq martin  ,denmark,2022-01-04
3909,JUN WONG,thailand,2021-10-24
3910,haruto liu,UK,2022-08-04
3911,Indira KHAN,FRANCE,2022-09-10
3912,  mallory nguyen,GB,2024-03-23
3913,  Farid Ng,SG,2022-07-20
3914,Wendy Schneider  ,usa,2020-08-11
3915,Wendy Tan,us,2021-01-16
3916,  Mei HO ,SINGAPORE,2023-10-01
3917,wei williams,id,2020-03-28
3918,  Uma Miller ,CN,2022-11-29
3919,  Xander Wang ,jp,2023-01-05
3920,Farid Tan,france,2020-01-27
3921,ELENA BERNARD,india,2023-04-29
3922,Mei LEE,JAPAN,2023-04-05
3923,NINA HANSEN,USA,2022-12-31
3924,jun hansen,IN,2019-10-06
3925,  Xander Brown ,india,2022-04-06
3926,noa liu,thailand,2021-01-08
3927,Victor Bernard  ,DK,2023-11-26
3928,  Valentina KOH,CN,2021-06-06
3929,ARJUN DUBOIS,my,2020-09-05
3930,ZARA KUMAR,japan,2020-04-21
3931,Ivan Smith  ,dk,2022-06-27
3932,  Carol Miller,ID,2020-05-09
3933,LEILA SMITH,france,2024-01-26
3934,RUTH MUELLER,usa,2021-05-21
3935,Giulia LIU,ID,2024-01-30
3936,Rajesh Singh,my,2020-01-05
3937,Wendy Mueller,DK,2023-01-24
3938,  wendy suzuki,usa,2022-04-16
3939,Zara Smith,china,2022-12-18
3940,  Arjun Abbas ,CN,2021-09-14
3941,Arjun HANSEN,Singapore,2021-03-16
3942,Bao ADEBAYO  ,CN,2019-07-17
3943,Zara Lim,ID,2022-05-27
3944,Carol Fischer,JP,2020-09-29
3945,Mallory Schneider,my,2020-10-13
3946,Zach Smith  ,cn,2021-06-14
3947,quentin brown,cn,2019-10-02
3948,heidi ng,japan,2023-07-09
3949,yara mueller,sg,2022-05-18
3950,Ursula Takahashi,GB,2023-03-27
3951,  Judy Fischer , sg ,2020-11-09
3952,PRIYA KOH,TW,2023-12-08
3953,Zach Lee,Singapore,2020-06-20
3954,jun andersen  ,TW,2022-01-09
3955,Bianca Suzuki,usa,2020-09-19
3956,wei johnson  ,japan,2019-11-30
3957,Bianca Rodriguez,gb,2021-05-16
3958,giulia lee,th,2023-12-21
3959,  Oscar Kumar ,dk,2020-06-05
3960,Mei MILLER,thailand,2023-03-04
3961,URSULA TAKAHASHI  ,US,2023-07-07
3962,Carol TEO,thailand,2021-12-11
3963,WENDY OKAFOR,JAPAN,2023-06-20
3964,RUTH KHAN,Singapore,2019-07-17
3965,Ruth Davis,th,2019-10-10
3966,eve bernard,IN,2020-11-26
3967,peggy yamamoto,th,2024-02-02
3968,Arjun Hansen,MY,2022-08-03
3969,NINA SCHNEIDER,malaysia,2021-12-03
3970,Judy Yamamoto  ,cn,2022-12-13
3971,DANIELA ABBAS,CN,2021-08-04
3972,Giulia Hansen,jp,2023-05-05
3973,victor pedersen,IN,2023-09-19
3974,Victor HUANG,gb,2021-03-22
3975,  Indira Davis,japan,2022-06-27
3976,Alice Sato,SG,2022-09-02
3977,sybil wang,usa,2023-06-01
3978,  QUENTIN KHAN,ID,2019-05-16
3979,Ursula Khan,cn,2023-08-02
3980,Frank JOHNSON  ,france,2020-09-27
3981,Devi Dubois,indonesia,2023-09-24
3982,ZACH WILLIAMS,thailand,2020-03-23
3983,DAN GOH,SINGAPORE,2022-01-17
3984,  Alice Abbas, sg ,2020-05-23
3985,farid wong  ,thailand,2022-12-21
3986,PRIYA YAMAMOTO,SINGAPORE,2019-12-22
3987,Noa NGUYEN,DK,2021-09-27
3988,  KENJI YAMAMOTO,FRANCE,2023-03-04
3989,DAN WANG,ID,2020-09-30
3990,Kiran Martin,th,2023-04-03
3991,  xander schneider,france,2023-05-14
3992,bianca wang  ,malaysia,2021-10-11
3993,Oscar Patel,japan,2020-04-25
3994,  Dan KUMAR,US,2021-09-19
3995,  Xander Wang, sg ,2023-12-29
3996,Caleb TAN  ,IN,2021-01-19
3997,kenji koh,usa,2021-02-12
3998,Ursula Dubois,japan,2020-06-28
3999,JUN PATEL, sg ,2021-01-10
4000,oscar garcia,denmark,2019-10-05
4001,tariq ho,JAPAN,2019-06-18
4002,BIANCA HUANG  ,CN,2021-11-28
4003,BAO ANDERSEN,sg,2021-12-28
4004,Jun RODRIGUEZ,USA,2024-01-01
4005,CHEN HANSEN,th,2023-09-29
4006,ALICE OKAFOR, sg ,2019-11-19
4007,Grace Lee,TW,2022-06-27
4008,UMA TAN  ,us,2019-06-18
4009,Tariq WONG,SG,2023-01-13
4010,ZACH SMITH,tw,2019-12-09
4011,  Wei Fischer ,gb,2019-10-28
4012,  NINA WANG ,TW,2019-05-12
4013,sybil smith,ID,2021-04-25
4014,Bob Khan,UK,2021-08-14
4015,Chen Khan  ,my,2022-01-01
4016,  Kiran Sato,denmark,2023-09-23
4017,  daniela lee ,france,2023-08-26
4018,valentina chen,india,2022-10-04
4019,TRENT SATO  ,uk,2022-09-29
4020,CALEB KHAN,tw,2021-03-17
4021,WEI GARCIA,fr,2021-01-10
4022,Priya Sato,id,2024-03-16
4023,Mallory Rodriguez,india,2020-03-26
4024,Zach SUZUKI,Singapore,2023-09-10
4025,zach hansen,uk,2023-07-06
4026,Sybil WILLIAMS,france,2023-12-30
4027,  DAN HO,japan,2019-05-05
4028,Oscar HUANG  ,FRANCE,2021-08-17
4029,ALICE LIU,my,2023-04-02
4030,Omar MILLER,dk,2021-03-30
4031,Heidi SINGH  ,thailand,2024-01-22
4032,Yusuf Koh,india,2021-08-09
4033,  Arjun DAVIS,UK,2023-08-04
4034,victor khan,FRANCE,2021-02-13
4035,  VICTOR HANSEN,sg,2021-09-13
4036,ZARA KOH,my,2019-10-22
4037,peggy takahashi,China,2021-06-30
4038,Trent HANSEN,dk,2022-01-03
4039,trent pedersen  ,SG,2022-06-15
4040,  Mallory Fischer,us,2022-12-14
4041,LEILA LIU,india,2019-09-22
4042,  Alice Wong,uk,2019-08-10
4043,  carol brown, sg ,2022-10-15
4044,HEIDI MARTIN,JP,2019-09-25
4045,Liam JENSEN,Singapore,2023-01-14
4046,Uma Goh,SG,2021-10-24
4047,Giulia Johnson  ,uk,2023-01-25
4048,leila lim,JP,2019-09-07
4049,  Quentin Martin,FRANCE,2019-08-31
4050,Chen Davis,china,2022-02-16
4051,  QUENTIN TAKAHASHI,FR,2021-07-31
4052,Ivan Lee,th,2022-10-04
4053,Yara Nguyen,JP,2021-07-11
4054,  liam ng ,USA,2023-01-09
4055,carol brown,tw,2023-10-12
4056,  nina johnson,france,2022-04-02
4057,TRENT YAMAMOTO,China,2020-05-07
4058,  Devi DAVIS,cn,2021-04-21
4059,Dan YAMAMOTO,JAPAN,2024-03-20
4060,Devi Suzuki,CN,2023-10-17
4061,  JUDY TAKAHASHI,dk,2023-02-25
4062,  Farid NGUYEN ,IN,2019-10-31
4063,WEI JENSEN,Taiwan,2022-08-20
4064,  IVAN SMITH ,tw,2021-01-03
4065,Devi Sato,japan,2021-02-13
4066,  ARJUN GARCIA ,USA,2022-01-23
4067,Xander ANDERSEN,SINGAPORE,2023-10-16
4068,Yusuf PATEL,TH,2022-09-01
4069,Omar Hansen,fr,2023-08-25
4070,Alice Hansen,denmark,2021-10-29
4071,KENJI LEE,tw,2021-10-14
4072,Ursula SUZUKI,thailand,2022-05-20
4073,  farid williams ,TH,2023-07-29
4074,Judy DAVIS,india,2019-11-13
4075,  Elena Brown,thailand,2021-11-03
4076,YARA CHEN,TW,2020-03-31
4077,  Kiran ZHANG,SINGAPORE,2020-08-01
4078,ELENA ZHANG,SG,2022-10-19
4079,nina huang,China,2023-12-14
4080,  aisha bernard, sg ,2020-10-11
4081,jun hansen,tw,2022-09-09
4082,trent mueller  ,SINGAPORE,2020-11-22
4083,Mei Nguyen,CN,2020-02-16
4084,  Wei SATO,denmark,2019-06-02
4085,  Ruth Smith,thailand,2022-11-09
4086,VALENTINA SINGH,th,2022-01-31
4087,  Noa Hansen ,China,2023-06-17
4088,Eve FISCHER,JAPAN,2019-08-25
4089,Aisha Wong,usa,2021-01-26
4090,Kiran Teo,cn,2023-03-01
4091,zara patel,us,2021-09-29
4092,xiulan andersen,TW,2023-04-26
4093,NINA JENSEN,JAPAN,2023-08-06
4094,  Devi Miller ,my,2022-07-17
4095,WEI TAN  ,cn,2022-01-13
4096,devi koh,Taiwan,2019-06-29
4097,  elena adebayo,cn,2021-06-28
4098,  Elena WILLIAMS,fr,2024-01-21
4099,bob singh,Singapore,2021-09-02
4100,Heidi Teo  ,FR,2019-05-14
4101,  Trent SINGH,IN,2020-02-28
4102,BAO WILLIAMS,jp,2024-02-25
4103,  Bob Mueller,sg,2021-12-22
4104,Xiulan BERNARD  ,SINGAPORE,2020-08-15
4105,YUSUF HUANG,thailand,2023-09-14
4106,Kiran Wong,Taiwan,2022-07-02
4107,Valentina Smith,jp,2021-04-21
4108,HARUTO SINGH,jp,2020-04-20
4109,TRENT KHAN  ,Taiwan,2021-05-11
4110,NOA SINGH,DK,2021-01-29
4111,RAJESH MUELLER,MY,2023-03-05
4112,  Mei Lee,fr,2023-10-09
4113,  chen dubois,China,2024-01-05
4114,Xiulan Jensen,JP,2023-06-02
4115,Chen Tan,india,2020-02-12
4116,Daniela JENSEN,JAPAN,2023-06-28
4117,nina mueller,uk,2023-01-08
4118,Chen Fischer  ,TH,2024-01-08
4119,Chen JENSEN  ,FRANCE,2023-04-27
4120,  kiran adebayo,dk,2023-07-15
4121,peggy chen,TH,2023-10-06
4122,Mei HO,DK,2020-04-21
4123,ALICE TAN,JP,2020-04-13
4124,Dan Khan,malaysia,2020-09-25
4125,Yusuf Miller,gb,2022-11-01
4126,Tariq Martin,china,2020-02-23
4127,  priya kumar ,IN,2021-08-23
4128,Ivan Mueller,TW,2021-09-30
4129,BIANCA PATEL  ,malaysia,2024-03-11
4130,Wendy Fischer  ,SG,2020-12-30
4131,Wei DAVIS,france,2022-09-23
4132,mallory khan,denmark,2023-08-10
4133,Caleb Huang,JP,2023-06-17
4134,carol ho,china,2020-10-25
4135,Xander DUBOIS,fr,2023-09-25
4136,QUENTIN SMITH,JP,2020-10-12
4137,Ivan MUELLER,tw,2021-12-04
4138,WEI DUBOIS,CN,2020-09-27
4139,Tariq BERNARD,china,2022-07-06
4140,BIANCA WILLIAMS,tw,2023-05-25
4141,  Daniela Fischer,FRANCE,2021-09-06
4142,Priya GOH,id,2021-10-14
4143,Ivan Kumar,uk,2022-05-22
4144,  Bianca SMITH,fr,2023-08-11
4145,carol goh,GB,2021-08-13
4146,Noa Hansen,thailand,2022-08-19
4147,OSCAR LIM,US,2019-11-24
4148,FRANK WILLIAMS  ,GB,2021-08-09
4149,nina goh,fr,2023-10-10
4150,  Xander Martin,GB,2021-12-02
4151,  Devi Zhang ,th,2022-10-11
4152,  Victor WANG,JP,2022-10-16
4153,  JUN ANDERSEN,UK,2021-04-08
4154,  Zach Davis,SINGAPORE,2023-12-31
4155,Quentin PEDERSEN,GB,2021-05-22
4156,RUTH WILLIAMS  ,FR,2021-05-30
4157,Ruth WILLIAMS,ID,2021-04-24
4158,Bao ZHANG  ,jp,2020-06-26
4159,Giulia Wong,TH,2019-10-19
4160,caleb jensen,UK,2023-06-24
4161,Sybil Dubois  ,dk,2023-02-12
4162,uma okafor,china,2022-08-03
4163,  Peggy Suzuki, sg ,2023-11-04
4164,INDIRA ZHANG,FRANCE,2019-04-26
4165,XIULAN LIU  ,china,2021-04-25
4166,TARIQ PATEL,Taiwan,2019-10-15
4167,indira nguyen,my,2023-08-05
4168,Daniela TEO,japan,2019-11-25
4169,Wendy Brown,japan,2023-02-13
4170,CALEB KUMAR,japan,2019-05-15
4171,  NOA MUELLER,GB,2023-05-19
4172,  Kiran Takahashi,fr,2021-03-21
4173,URSULA SMITH,china,2021-04-27
4174,  XANDER SUZUKI,China,2023-04-22
4175,Bao ANDERSEN,SINGAPORE,2019-06-16
4176,Aisha Davis,SINGAPORE,2022-03-19
4177,Bao Patel,fr,2019-12-19
4178,  grace wang,sg,2019-11-10
4179,Oscar Fischer  ,uk,2019-07-17
4180,haruto andersen  ,cn,2019-05-31
4181,VALENTINA ZHANG,JP,2021-09-09
4182,  Satoshi PATEL,us,2019-10-02
4183,  judy lim,ID,2022-07-16
4184,victor kumar,FR,2022-06-25
4185,omar garcia,indonesia,2022-10-04
4186,Wei Nguyen,SG,2023-06-29
4187,  quentin nguyen,China,2022-03-16
4188,Nina SATO,CN,2022-05-06
4189,  Wendy MUELLER,JP,2022-09-01
4190,bianca bernard,China,2022-02-24
4191,zara kumar,UK,2024-03-05
4192,  INDIRA GOH ,uk,2020-02-25
4193,Peggy Smith  ,GB,2021-05-21
4194,Zach Bernard,Taiwan,2021-11-10
4195,Bob Andersen,th,2019-12-02
4196,oscar adebayo  ,my,2024-01-17
4197,URSULA RODRIGUEZ,UK,2021-02-02
4198,dan tan,SG,2020-03-02
4199,nina martin,FR,2022-02-01
4200,Yara Jensen,dk,2021-05-30
4201,wendy okafor,SG,2021-06-07
4202,DAN NGUYEN,JAPAN,2020-10-27
4203,quentin abbas  ,uk,2022-11-12
4204,Yara MILLER,JAPAN,2021-10-06
4205,Heidi Garcia,US,2021-06-17
4206,  Zach SATO,TH,2021-03-20
4207,Peggy NG  ,gb,2023-04-15
4208,Omar Martin  ,ID,2020-01-10
4209,Noa Tan,us,2022-07-14
4210,tariq patel,Singapore,2020-06-10
4211,Zara Mueller,cn,2022-12-18
4212,  Eve Ng,gb,2021-02-28
4213,xiulan lee,france,2021-06-10
4214,Satoshi Nguyen,denmark,2022-03-22
4215,XIULAN LEE,in,2021-07-22
4216,Xander Kumar  ,china,2022-09-23
4217,zach suzuki,TW,2021-03-09
4218,Alice Teo  ,dk,2022-08-10
4219,Liam Huang,id,2022-08-19
4220,  Elena SMITH ,USA,2022-06-06
4221,Devi Chen  ,indonesia,2022-07-27
4222,Mallory Kumar,tw,2020-04-05
4223,  Judy Schneider ,fr,2023-06-15
4224,URSULA KHAN,DK,2020-04-08
4225,Mallory Ho  ,indonesia,2020-09-23
4226,Peggy Davis,CN,2023-09-29
4227,Grace Patel,UK,2019-08-09
4228,Dan Martin,JAPAN,2021-06-08
4229,  Bob SCHNEIDER ,france,2023-07-01
4230,mallory davis,fr,2023-09-04
4231,Haruto KOH,us,2021-04-18
4232,  Devi KUMAR ,india,2020-10-09
4233,  Quentin NG,Taiwan,2024-02-21
4234,  JUN TAKAHASHI,indonesia,2019-10-26
4235,Eve Davis,China,2020-08-04
4236,  Zara Hansen,in,2023-06-07
4237,IVAN ZHANG,thailand,2019-07-19
4238,Judy Huang,thailand,2020-08-31
4239,ruth davis,FRANCE,2020-10-30
4240,NOA LIM  ,in,2019-08-02
4241,Oscar YAMAMOTO  ,dk,2019-06-02
4242,Quentin OKAFOR,japan,2022-07-22
4243,Judy Goh,gb,2021-07-19
4244,Chen Tan,usa,2022-09-17
4245,FRANK GOH,DK,2023-04-04
4246,  haruto lee ,UK,2020-11-27
4247,eve patel  ,CN,2021-02-09
4248,Chen ADEBAYO,uk,2022-12-21
4249,  GRACE SINGH ,china,2021-08-15
4250,Haruto Fischer, sg ,2022-01-02
4251,kenji huang,france,2021-01-18
4252,  Carol YAMAMOTO,FR,2021-06-26
4253,Zach Pedersen  ,my,2023-06-26
4254,SYBIL JOHNSON,indonesia,2023-09-15
4255,Heidi Pedersen,UK,2020-02-15
4256,Nina Lee,SINGAPORE,2021-09-07
4257,  Sybil Lee,FRANCE,2021-07-19
4258,  OSCAR GOH ,malaysia,2023-06-20
4259,Quentin Nguyen  ,cn,2024-03-16
4260,JUDY TAN,france,2022-01-09
4261,  Yara CHEN,DK,2023-07-30
4262,Xiulan Adebayo  ,uk,2019-08-26
4263,Bao Lee,Taiwan,2022-11-19
4264,chen ho,us,2023-04-13
4265,  Mei Adebayo,china,2020-06-29
4266,  Zara DUBOIS ,tw,2022-07-24
4267,Grace TAN  ,Singapore,2021-01-18
4268,  ELENA GOH ,DK,2022-10-03
4269,  Ruth DAVIS ,CN,2021-06-08
4270,  Wei WONG,sg,2019-05-29
4271,  MALLORY SUZUKI ,malaysia,2021-01-04
4272,  KENJI MUELLER,cn,2023-11-13
4273,Caleb FISCHER  ,GB,2020-03-26
4274,  LIAM NG ,th,2023-11-05
4275,Chen Suzuki,indonesia,2021-07-07
4276,tariq garcia,us,2021-05-20
4277,Zara Smith,IN,2021-06-22
4278,heidi adebayo,india,2021-08-27
4279,UMA LEE,ID,2020-12-15
4280,SYBIL SUZUKI  ,france,2021-12-03
4281,Quentin Davis, sg ,2023-05-22
4282,FARID SCHNEIDER,denmark,2023-10-05
4283,Leila Khan  ,DK,2020-05-25
4284,  Mei Patel,TH,2020-08-18
4285,Satoshi TAN,usa,2020-10-12
4286,Caleb Chen,japan,2021-10-03
4287,Jun HUANG,US,2023-06-30
4288,  Wei Takahashi ,china,2023-10-05
4289,yara yamamoto  ,us,2024-02-12
4290,TARIQ SMITH,china,2021-06-23
4291,Haruto Jensen,dk,2019-09-16
4292,heidi zhang,China,2022-04-25
4293,kiran singh,JP,2024-01-05
4294,  Omar Garcia ,cn,2024-03-14
4295,caleb johnson  ,Singapore,2020-05-03
4296,  Xander MILLER,CN,2021-02-03
4297,  Yara Rodriguez ,th,2023-12-19
4298,Bob Rodriguez,JP,2019-09-11
4299,  BAO NG ,MY,2023-09-15
4300,  arjun martin,CN,2020-10-25
4301,Chen Mueller,china,2021-01-10
4302,Dan Wang,my,2019-10-02
4303,YARA LIM,China,2021-06-10
4304,GRACE TAN  ,USA,2020-02-09
4305,kenji miller  ,thailand,2020-05-12
4306,NINA ANDERSEN,TH,2023-01-19
4307,  ruth johnson,Taiwan,2021-08-03
4308,Arjun Tan,id,2021-06-29
4309,Indira Brown  , sg ,2022-07-27
4310,ZACH SMITH,jp,2019-06-01
4311,  chen chen ,usa,2021-05-05
4312,  Sybil JOHNSON ,id,2022-01-11
4313,  ALICE KUMAR ,id,2021-02-23
4314,Heidi SATO,my,2019-10-12
4315,  ivan takahashi,SG,2022-10-20
4316,Bao Smith,uk,2021-06-29
4317,Ursula Liu,id,2023-01-18
4318,GRACE DAVIS,IN,2022-06-29
4319,xander rodriguez,us,2020-03-25
4320,Jun GOH,cn,2021-07-24
4321,  Leila Wang,france,2022-10-02
4322,AISHA BERNARD,China,2020-03-22
4323,mei johnson,JAPAN,2020-05-09
4324,MALLORY DUBOIS,my,2019-12-21
4325,Ivan OKAFOR,tw,2024-01-01
4326,Devi Bernard,th,2023-06-01
4327,  frank andersen,MY,2020-08-24
4328,TARIQ ANDERSEN,fr,2022-12-13
4329,Aisha Chen,IN,2024-01-27
4330,  Grace Singh,dk,2022-06-12
4331,ALICE KUMAR,dk,2021-12-13
4332,  Valentina SCHNEIDER ,MY,2019-12-26
4333,Xander Ng  ,tw,2023-02-25
4334,CALEB GARCIA,china,2022-03-04
4335,  sybil liu,jp,2020-12-22
4336,  Farid LEE ,denmark,2022-12-11
4337,zach koh,TH,2020-01-28
4338,arjun liu,CN,2020-09-21
4339,  CHEN HO,China,2022-09-15
4340,DAN BROWN,japan,2019-07-24
4341,judy schneider  ,id,2021-09-01
4342,  Quentin Singh,china,2022-10-18
4343,YARA MARTIN, sg ,2023-04-27
4344,Peggy Khan  ,jp,2021-03-12
4345,uma abbas,in,2021-11-27
4346,Quentin Takahashi,denmark,2023-02-01
4347,Heidi Smith,UK,2021-04-05
4348,NINA MILLER,in,2023-10-06
4349,DANIELA SCHNEIDER,my,2023-06-30
4350,zach hansen,us,2023-06-03
4351,  Valentina Zhang,cn,2023-04-22
4352,valentina pedersen  ,FRANCE,2022-03-05
4353,Mei Davis,JP,2019-11-22
4354,Oscar Wang,China,2023-11-23
4355,FARID JOHNSON,CN,2024-03-07
4356,  MEI JOHNSON,IN,2019-09-18
4357,  bob patel ,id,2023-03-30
4358,Tariq Kumar,MY,2020-08-08
4359,  Eve Ng,indonesia,2023-10-09
4360,  VICTOR NGUYEN,SINGAPORE,2022-05-12
4361,liam huang,TH,2020-01-20
4362,  IVAN YAMAMOTO,france,2022-06-17
4363,Eve Chen  ,GB,2019-11-02
4364,  Elena JOHNSON ,JP,2020-09-24
4365,ursula miller,TH,2023-04-14
4366,yusuf mueller,dk,2022-12-04
4367,  Indira Kumar,sg,2020-04-26
4368,HARUTO KHAN  ,GB,2020-05-17
4369,Yusuf JOHNSON,id,2023-01-21
4370,Kenji Lim,cn,2024-03-10
4371,FARID TAKAHASHI,cn,2021-05-11
4372,  Bianca Garcia,GB,2020-01-13
4373,  Peggy WANG,th,2024-01-18
4374,HARUTO GOH  ,denmark,2020-02-04
4375,daniela yamamoto,UK,2020-10-19
4376,Frank JENSEN,china,2019-09-01
4377,FARID TAN  ,MY,2023-11-07
4378,Haruto NGUYEN, sg ,2020-11-23
4379,Kiran Johnson,us,2022-05-30
4380,liam suzuki,indonesia,2020-09-06
4381,oscar dubois,china,2023-04-20
4382,DEVI MUELLER,japan,2019-10-21
4383,Kenji WILLIAMS  ,USA,2020-05-30
4384,Yara Okafor  , sg ,2022-10-19
4385,Quentin Dubois,ID,2023-01-30
4386,priya wang,japan,2022-09-09
4387,kenji chen,ID,2023-06-30
4388,nina martin  ,MY,2020-03-14
4389,Caleb Hansen,MY,2021-03-25
4390,  mei lim,CN,2022-07-02
4391,Tariq Kumar,china,2022-06-10
4392,Jun LIU  ,in,2020-03-18
4393,devi wong  ,FRANCE,2020-03-07
4394,Indira Teo,denmark,2020-03-13
4395,  AISHA YAMAMOTO,gb,2022-07-02
4396,  Oscar Koh,indonesia,2023-01-15
4397,Chen PEDERSEN  ,indonesia,2023-02-27
4398,  Dan DAVIS,IN,2023-05-14
4399,  daniela suzuki ,sg,2022-02-19
4400,QUENTIN DAVIS,SG,2023-11-13
4401,FARID NG,GB,2024-01-05
4402,  omar jensen, sg ,2021-11-26
4403,OSCAR HO,SG,2019-08-04
4404,Kenji GOH,FRANCE,2021-09-26
4405,Indira Fischer,my,2019-07-11
4406,Dan Khan  , sg ,2021-09-02
4407,  mallory lim,JP,2022-07-21
4408,daniela garcia,SG,2023-10-24
4409,CAROL TEO,Singapore,2020-02-19
4410,Xander Mueller,Taiwan,2022-10-15
4411,FARID ABBAS  ,tw,2022-02-03
4412,  trent teo ,tw,2023-08-19
4413,  chen hansen, sg ,2019-10-23
4414,  Devi Goh ,MY,2023-06-25
4415,XIULAN LIM,GB,2020-08-28
4416,Xiulan Adebayo,FR,2019-05-12
4417,Yusuf NG,usa,2022-04-02
4418,ZACH ABBAS  ,indonesia,2022-12-09
4419,Ivan Andersen, sg ,2021-03-25
4420,  Victor JENSEN ,in,2019-10-19
4421,Priya Lim,fr,2019-11-26
4422,Kenji Liu  ,dk,2019-09-15
4423,Omar ADEBAYO,JAPAN,2021-04-11
4424,  Zara TAN,tw,2022-02-18
4425,Alice SATO,ID,2021-01-19
4426,Indira BERNARD,IN,2022-03-02
4427,  XANDER MUELLER,China,2022-11-11
4428,  NINA MUELLER,Singapore,2023-09-14
4429,Yara WANG,dk,2021-02-23
4430,FRANK SCHNEIDER,tw,2020-04-09
4431,  Xander SMITH,denmark,2021-09-10
4432,  Satoshi Hansen,id,2021-12-10
4433,Haruto Abbas,thailand,2019-06-29
4434,Uma Khan,in,2023-03-18
4435,Liam Zhang,gb,2022-09-18
4436,FARID ZHANG  ,uk,2019-10-05
4437,Daniela SATO,USA,2019-09-18
4438,  Tariq LIU,usa,2020-09-07
4439,yusuf ho,TH,2023-02-18
4440,AISHA ABBAS,thailand,2021-04-24
4441,alice patel,my,2020-08-11
4442,farid yamamoto,dk,2020-07-29
4443,kenji garcia  ,CN,2023-04-27
4444,  URSULA ANDERSEN ,IN,2021-09-29
4445,KIRAN LIM,my,2020-11-21
4446,KIRAN TEO,CN,2021-10-03
4447,dan adebayo,US,2022-11-27
4448,INDIRA BERNARD,jp,2022-06-07
4449,RAJESH DUBOIS,GB,2019-07-29
4450,  Leila Johnson ,JP,2023-09-17
4451,OSCAR TAN,FRANCE,2021-12-18
4452,Frank PEDERSEN,FR,2023-12-28
4453,liam bernard,TH,2020-06-07
4454,  Ivan Patel,SG,2021-11-02
4455,nina williams,jp,2023-08-12
4456,Jun Wang  ,SG,2019-05-17
4457,WEI JOHNSON,sg,2023-06-13
4458,Haruto TEO  ,ID,2019-06-12
4459,sybil ng,jp,2022-02-22
4460,chen zhang,China,2022-10-29
4461,Liam KOH,japan,2020-01-20
4462,Sybil Fischer  ,france,2020-04-25
4463,INDIRA ABBAS,malaysia,2020-04-02
4464,Eve KUMAR,china,2021-08-30
4465,Yara Okafor,ID,2021-10-03
4466,trent chen,tw,2021-03-28
4467,Jun LIU,id,2023-03-22
4468,  satoshi lim ,fr,2019-06-05
4469,CALEB JENSEN,ID,2020-03-05
4470,  Elena SINGH,gb,2024-03-15
4471,Indira Suzuki,th,2023-06-03
4472,  VALENTINA GARCIA,US,2021-04-03
4473,  daniela goh ,usa,2022-07-02
4474,Kenji Rodriguez,fr,2019-09-09
4475,Kiran Wang  ,China,2022-05-04
4476,  Sybil TEO,TH,2022-01-23
4477,Giulia Yamamoto  ,Taiwan,2023-01-02
4478,Kiran Lim,us,2022-04-02
4479,dan davis,malaysia,2022-04-06
4480,Victor Bernard,SINGAPORE,2023-08-24
4481,SYBIL MUELLER,tw,2021-12-07
4482,  dan jensen,JP,2021-05-21
4483,HARUTO SCHNEIDER,JP,2023-10-19
4484,Oscar Khan  ,cn,2020-09-11
4485,  Ursula Nguyen ,in,2023-03-16
4486,TARIQ BERNARD,india,2022-11-15
4487,Elena KHAN,jp,2022-09-20
4488,  Alice Nguyen,China,2022-02-11
4489,PRIYA DAVIS,denmark,2022-02-13
4490,NOA HUANG  ,ID,2020-01-29
4491,  BIANCA TEO ,IN,2021-08-01
4492,Indira Yamamoto,uk,2019-06-13
4493,  bianca sato,us,2021-04-01
4494,caleb huang  ,tw,2020-01-23
4495,Grace LIU,id,2020-08-14
4496,CALEB TAN,TW,2021-10-28
4497,  farid brown,gb,2023-11-08
4498,Grace Schneider,tw,2020-04-30
4499,xander schneider  ,JP,2021-04-22
4500,YUSUF SINGH,SG,2021-02-12
4501,  ivan pedersen,sg,2020-12-27
4502,BAO KOH,US,2019-08-27
4503,Satoshi Wang  ,india,2022-07-05
4504,Frank KOH,FR,2021-07-06
4505,Rajesh Ho,in,2024-01-26
4506,BAO ADEBAYO,TW,2023-03-11
4507,Priya Schneider,Singapore,2022-02-11
4508,  Bianca BERNARD ,FR,2023-06-30
4509,  PRIYA KHAN,usa,2022-03-24
4510,XANDER BROWN  ,USA,2019-08-14
4511,RAJESH TAKAHASHI,fr,2021-05-26
4512,bao johnson,th,2024-01-14
4513,yara patel,cn,2023-08-15
4514,eve davis,ID,2019-10-16
4515,OMAR TAKAHASHI,China,2023-10-17
4516,  Victor Takahashi,gb,2019-11-06
4517,bianca schneider,US,2019-12-08
4518,Kenji KHAN,USA,2019-07-25
4519,Eve Zhang,DK,2020-02-05
4520,PRIYA HUANG,sg,2019-12-15
4521,Mallory Chen,gb,2021-02-20
4522,Aisha HUANG,China,2019-07-12
4523,  EVE ABBAS ,usa,2021-05-11
4524,Ruth TAKAHASHI,tw,2020-12-05
4525,  Devi OKAFOR,SINGAPORE,2019-05-09
4526,eve ng,france,2020-07-20
4527,  MEI MILLER,SG,2023-01-14
4528,Mallory Wong,TH,2019-12-23
4529,Jun Okafor  ,TH,2020-07-25
4530,KIRAN BERNARD,id,2023-04-20
4531,  YUSUF MARTIN,jp,2022-12-10
4532,  Caleb Kumar,China,2020-10-12
4533,  chen mueller ,JAPAN,2022-07-11
4534,Arjun DUBOIS,IN,2019-05-28
4535,TRENT LEE,my,2021-01-30
4536,Oscar GOH,USA,2019-10-09
4537,  Daniela Abbas,cn,2020-02-17
4538,  ARJUN ANDERSEN,Taiwan,2019-08-12
4539,  Carol Lee ,usa,2021-09-19
4540,sybil patel,sg,2020-02-08
4541,Xander MILLER,JP,2019-12-28
4542,NINA DAVIS,USA,2019-07-22
4543,  Caleb Lim,th,2019-07-17
4544,  Kenji Huang,thailand,2021-04-20
4545,  GIULIA LIU,Singapore,2024-02-24
4546,Uma Khan,usa,2020-11-10
4547,valentina bernard,us,2019-09-30
4548,TRENT KHAN,india,2021-06-09
4549,Rajesh PEDERSEN,cn,2019-12-05
4550,NINA LIM,jp,2022-03-28
4551,GIULIA ZHANG,thailand,2019-05-02
4552,VALENTINA WANG,China,2022-11-29
4553,  ursula brown,tw,2022-01-19
4554,valentina lim,cn,2019-08-02
4555,leila singh  ,CN,2020-03-23
4556,YUSUF FISCHER,thailand,2020-02-15
4557,Wei Smith,JAPAN,2021-11-25
4558,Omar Schneider,FRANCE,2021-03-15
4559,sybil yamamoto,MY,2024-03-08
4560,GIULIA SINGH,indonesia,2021-08-05
4561,Elena Dubois,USA,2022-09-08
4562,Heidi Adebayo,ID,2022-08-25
4563,Kenji LIU,usa,2023-04-16
4564,Mallory FISCHER  , sg ,2023-10-31
4565,  Priya Miller ,TW,2019-08-18
4566,  Caleb Khan ,JP,2021-08-30
4567,mei koh,usa,2022-01-28
4568,ALICE ADEBAYO,SINGAPORE,2023-08-04
4569,  victor mueller,id,2022-05-27
4570,  AISHA SCHNEIDER ,id,2020-08-08
4571,Zach BROWN,gb,2021-03-01
4572,bianca lee,china,2023-04-30
4573,  noa suzuki,FRANCE,2024-03-06
4574,mei smith,us,2022-08-01
4575,Trent ZHANG,US,2023-04-30
4576,Kenji Adebayo,GB,2022-02-22
4577,  RAJESH DAVIS,GB,2023-11-03
4578,Farid Suzuki  ,DK,2019-12-09
4579,Leila LIU,th,2021-04-02
4580,Aisha Garcia,tw,2021-04-15
4581,ursula jensen  ,in,2021-06-23
4582,Daniela FISCHER,fr,2022-07-19
4583,wei mueller,IN,2022-07-18
4584,  Satoshi Khan ,usa,2019-06-10
4585,Valentina FISCHER,france,2020-05-03
4586,  elena mueller ,uk,2019-12-24
4587,Noa Garcia,gb,2019-11-11
4588,Mallory CHEN,UK,2021-02-23
4589,  Heidi JENSEN,id,2023-04-13
4590,BIANCA LIU,MY,2019-07-17
4591,  JUN HO,jp,2023-11-22
4592,ZACH MARTIN,dk,2020-01-15
4593,kenji singh,denmark,2023-02-08
4594,  Yara Williams,tw,2020-02-14
4595,Liam Ho,sg,2021-07-20
4596,DANIELA HANSEN,us,2023-12-14
4597,BAO LEE,in,2023-03-07
4598,Ursula MARTIN,UK,2023-12-25
4599,Carol Andersen,US,2023-08-29
4600,Xander Abbas  ,JP,2020-05-20
4601,Aisha Davis,UK,2022-05-18
4602,Rajesh Adebayo,GB,2020-05-03
4603,noa abbas  ,TH,2022-10-02
4604,Nina Johnson,my,2021-02-19
4605,indira wang,IN,2023-09-26
4606,uma sato,india,2022-07-05
4607,Indira YAMAMOTO  ,tw,2022-06-21
4608,UMA NG,sg,2023-08-05
4609,Leila Sato,GB,2021-01-30
4610,valentina chen,us,2020-04-11
4611,  yusuf martin,denmark,2021-06-21
4612,  IVAN NG ,Singapore,2022-12-08
4613,wei dubois,in,2022-08-12
4614,AISHA JOHNSON,CN,2023-10-05
4615,victor liu,JP,2019-07-03
4616,ZACH TAKAHASHI,FRANCE,2019-11-11
4617,Yusuf WILLIAMS  ,TW,2022-08-15
4618,zach kumar,TW,2023-11-15
4619,  YUSUF SUZUKI,TW,2019-12-29
4620,Wendy Lee,th,2023-01-17
4621,ZACH HO,denmark,2023-11-15
4622,DEVI WILLIAMS,in,2021-12-31
4623,elena andersen  ,FR,2021-10-22
4624,arjun hansen,thailand,2023-03-11
4625,  Alice Garcia,CN,2022-05-15
4626,Frank Wang,SG,2020-12-04
4627,Yusuf Brown  ,japan,2023-09-25
4628,indira martin  ,MY,2022-09-07
4629,  Sybil Goh ,sg,2019-12-21
4630,  bob johnson,DK,2021-10-17
4631,Oscar Garcia,SINGAPORE,2023-09-08
4632,  ARJUN HUANG,india,2021-09-10
4633,Leila Abbas,denmark,2019-06-02
4634,Aisha FISCHER  ,Singapore,2019-07-23
4635,yara lee  ,tw,2021-06-25
4636,daniela wong,uk,2021-07-17
4637,nina wong,in,2021-07-30
4638,arjun bernard,IN,2023-01-30
4639,Kenji ANDERSEN  ,FR,2022-04-10
4640,Caleb Martin,malaysia,2023-07-31
4641,Omar Khan,jp,2019-10-02
4642,  Elena JENSEN,uk,2023-06-12
4643,Leila GARCIA,india,2020-12-18
4644,  Leila Huang ,jp,2022-03-06
4645,Bob Zhang,US,2023-12-01
4646,Bianca Teo  ,Singapore,2019-05-16
4647,trent rodriguez,jp,2023-01-10
4648,  Valentina KUMAR,SINGAPORE,2023-06-28
4649,  INDIRA HANSEN ,france,2021-05-23
4650,  PEGGY OKAFOR,MY,2020-07-20
4651,arjun miller,SG,2021-02-18
4652,Ivan BERNARD,denmark,2020-02-20
4653,  Caleb Johnson ,my,2023-10-20
4654,Indira Khan,US,2021-08-19
4655,  Rajesh NG,in,2019-10-04
4656,Wendy HANSEN,thailand,2022-04-05
4657,XIULAN TEO,China,2022-05-22
4658,Devi Kumar,my,2021-10-06
4659,Satoshi Wong,USA,2023-05-29
4660,Mei Patel,JP,2022-06-12
4661,QUENTIN YAMAMOTO,malaysia,2023-11-21
4662,KIRAN DAVIS,thailand,2021-12-03
4663,mallory wang,USA,2022-08-13
4664,TARIQ KHAN,thailand,2023-01-27
4665,Indira Davis,th,2023-11-25
4666,VALENTINA TAKAHASHI,UK,2022-01-08
4667,  Liam Koh ,IN,2021-05-13
4668,yusuf suzuki,uk,2020-06-02
4669,nina miller  ,Taiwan,2021-05-28
4670,CALEB ANDERSEN,france,2021-12-21
4671,Nina Ng  ,malaysia,2023-06-19
4672,  Mei YAMAMOTO,denmark,2021-10-28
4673,Heidi Singh  ,Taiwan,2021-04-13
4674,Chen Rodriguez,india,2022-03-26
4675,  giulia dubois ,usa,2021-02-12
4676,Zara Fischer,JAPAN,2020-07-03
4677,Devi Brown,Singapore,2023-04-04
4678,YUSUF RODRIGUEZ,france,2021-06-20
4679,wendy yamamoto,FRANCE,2019-11-04
4680,Bao LIU,india,2022-08-14
4681,YUSUF TAKAHASHI,uk,2020-07-08
4682,Farid WONG,china,2020-03-24
4683,Elena WONG,ID,2022-08-16
4684,  ursula okafor,in,2023-10-23
4685,yara bernard,IN,2023-01-09
4686,Yusuf Ho,france,2021-08-03
4687,Trent Teo,sg,2023-07-26
4688,liam davis,FR,2019-07-22
4689,SATOSHI SUZUKI,india,2020-03-28
4690,  Ursula SUZUKI, sg ,2019-06-26
4691,Ursula Hansen  ,Taiwan,2023-04-09
4692,Chen Tan  ,india,2019-10-03
4693,zach jensen  ,indonesia,2020-12-08
4694,leila davis,tw,2019-12-16
4695,Kiran Davis,JAPAN,2021-04-02
4696,Wendy Suzuki  ,usa,2020-12-27
4697,OSCAR NGUYEN,JAPAN,2022-01-26
4698,  chen nguyen,france,2023-11-03
4699,RAJESH RODRIGUEZ, sg ,2021-05-31
4700,  Dan Lim ,ID,2021-09-14
4701,Caleb FISCHER,Taiwan,2021-12-19
4702,  QUENTIN TEO,JP,2022-02-03
4703,  Trent SCHNEIDER ,US,2021-04-16
4704,QUENTIN TAKAHASHI,SG,2019-08-19
4705,UMA SATO,ID,2024-03-22
4706,Quentin WANG,China,2021-10-31
4707,nina miller,MY,2020-09-04
4708,  Indira Schneider ,FRANCE,2024-03-04
4709,BOB LIM,FRANCE,2021-06-13
4710,UMA KHAN  ,CN,2021-01-12
4711,Ursula ADEBAYO,sg,2021-12-03
4712,URSULA ANDERSEN  ,JAPAN,2023-06-17
4713,Caleb FISCHER  ,Singapore,2020-05-28
4714,Daniela Takahashi,TH,2022-03-17
4715,Grace Ho,FRANCE,2020-03-12
4716,  Farid YAMAMOTO,indonesia,2023-07-03
4717,  Indira BROWN ,DK,2020-05-22
4718,  Kenji Pedersen,malaysia,2022-10-01
4719,quentin zhang,MY,2020-06-22
4720,Noa Suzuki,us,2023-08-24
4721,daniela koh,JAPAN,2023-09-20
4722,Priya Wang  ,Singapore,2020-12-28
4723,Elena Koh,CN,2023-08-30
4724,Xiulan OKAFOR,Taiwan,2020-01-25
4725,  Nina Rodriguez ,gb,2019-11-09
4726,Devi Brown,fr,2020-06-01
4727,MALLORY KUMAR  ,tw,2023-11-16
4728,Valentina Lee,IN,2020-09-23
4729,Indira Lee,dk,2024-03-12
4730,Indira HANSEN,my,2023-02-17
4731,Grace Yamamoto  ,Taiwan,2023-01-28
4732,Jun DUBOIS  ,UK,2021-11-05
4733,  Zara SUZUKI ,MY,2021-05-03
4734,Haruto Rodriguez,jp,2021-11-15
4735,peggy yamamoto,IN,2020-05-01
4736,Ivan SUZUKI  ,DK,2021-04-20
4737,Bao Rodriguez,jp,2023-09-24
4738,WEI LIM,france,2021-01-28
4739,Yara OKAFOR,dk,2021-03-22
4740,YARA ADEBAYO,thailand,2022-10-28
4741,Nina Lee,Singapore,2023-09-01
4742,Zach WONG,malaysia,2019-10-19
4743,Wendy Rodriguez,UK,2023-01-06
4744,  Yusuf SINGH ,india,2021-10-05
4745,Mei LIU,uk,2021-10-07
4746,YARA CHEN,japan,2019-08-21
4747,uma liu,MY,2023-08-27
4748,Rajesh FISCHER,cn,2020-09-14
4749,Carol ABBAS  ,usa,2023-12-09
4750,Wei HANSEN,MY,2024-03-12
4751,Caleb Williams,jp,2020-04-25
4752,Yusuf Okafor,denmark,2021-03-12
4753,Mallory Tan,denmark,2019-07-09
4754,Indira SUZUKI,SINGAPORE,2019-09-11
4755,Kenji OKAFOR  ,CN,2020-04-29
4756,Zara Schneider,IN,2021-12-05
4757,priya teo,SINGAPORE,2019-05-08
4758,zach wang,uk,2022-07-27
4759,  VALENTINA NGUYEN,my,2021-03-01
4760,  Elena SATO,UK,2019-07-25
4761,  leila andersen ,cn,2024-02-01
4762,Zach Patel,China,2020-04-05
4763,XANDER NGUYEN, sg ,2020-11-18
4764,ALICE JENSEN,JP,2021-04-07
4765,Frank LIM,id,2020-09-19
4766,mei goh  ,jp,2019-06-15
4767,Trent Adebayo,gb,2021-06-20
4768,Mallory WANG,USA,2020-01-07
4769,Devi Davis,IN,2020-06-19
4770,Aisha NGUYEN  ,SINGAPORE,2020-11-08
4771,Uma ZHANG  ,MY,2020-03-01
4772,  dan sato ,usa,2021-08-03
4773,CHEN SUZUKI,JP,2019-09-24
4774,  Victor Huang, sg ,2021-04-03
4775,Chen Ho,france,2021-08-19
4776,  RUTH TAKAHASHI , sg ,2020-08-15
4777,chen mueller,in,2023-01-14
4778,Mallory Abbas,IN,2020-12-29
4779,devi singh,dk,2022-09-29
4780,Satoshi NG,JAPAN,2020-11-25
4781,  Omar TEO,denmark,2022-02-08
4782,URSULA KOH,us,2023-11-09
4783,ALICE HUANG,indonesia,2021-03-31
4784,Dan KUMAR,UK,2022-01-14
4785,ZACH GOH  ,my,2022-08-16
4786,Elena Singh  ,SG,2022-05-14
4787,devi fischer,UK,2020-11-06
4788,Victor Wong,IN,2022-05-25
4789,Alice Davis,cn,2020-08-12
4790,OSCAR HANSEN,DK,2023-01-15
4791,Uma Nguyen,Taiwan,2022-04-17
4792,  Liam Huang,tw,2020-12-21
4793,sybil rodriguez,in,2021-07-05
4794,alice hansen,JP,2021-04-25
4795,Bao SUZUKI,th,2020-07-29
4796,ZACH GOH  ,us,2024-02-04
4797,VICTOR YAMAMOTO  ,denmark,2021-10-07
4798,Indira HUANG,TH,2022-10-30
4799,Zach Okafor,TW,2020-02-26
4800,valentina schneider,US,2021-05-20
4801,Quentin LEE,tw,2024-01-06
4802,giulia chen  ,JAPAN,2022-11-17
4803,Grace SCHNEIDER,jp,2021-02-09
4804,  Haruto Sato,fr,2022-04-15
4805,XANDER HUANG,GB,2019-07-18
4806,  Yara Nguyen,JP,2024-01-07
4807,frank miller  ,JP,2020-01-27
4808,Victor Okafor,japan,2021-08-14
4809,  WENDY SCHNEIDER,japan,2021-05-20
4810,farid wang,thailand,2021-07-21
4811,  Peggy PATEL,CN,2022-09-26
4812,Noa GARCIA,gb,2022-09-22
4813,Oscar Garcia  ,JAPAN,2023-01-03
4814,kiran abbas,JP,2022-11-30
4815,TRENT KUMAR,gb,2023-09-01
4816,Zara Patel,gb,2023-01-24
4817,zara abbas,france,2022-07-27
4818,  Rajesh MILLER,in,2022-03-29
4819,GRACE LEE,france,2019-11-22
4820,  Victor MARTIN ,ID,2020-01-22
4821,Tariq Kumar,UK,2019-12-27
4822,wendy teo,japan,2020-06-12
4823,carol nguyen,in,2022-12-21
4824,Sybil Lim,id,2019-07-31
4825,Xander JENSEN,TH,2020-06-28
4826,Wendy Huang,china,2022-06-10
4827,  Liam Singh , sg ,2023-06-26
4828,  Oscar Tan,TH,2020-04-05
4829,MALLORY SINGH,IN,2020-04-22
4830,Jun Andersen  ,japan,2021-05-26
4831,Giulia DUBOIS,in,2021-02-23
4832,Frank LIU,thailand,2022-12-04
4833,  OSCAR MARTIN ,dk,2019-09-16
4834,daniela kumar  ,us,2021-10-04
4835,NOA MILLER  ,ID,2021-11-04
4836,  Alice Takahashi ,us,2023-07-05
4837,  Heidi HO,FR,2019-07-26
4838,  priya davis,Singapore,2023-04-20
4839,Elena Singh,china,2022-03-20
4840,  Dan Ho ,france,2022-09-10
4841,Ursula JENSEN,JP,2022-03-18
4842,SYBIL LIU,dk,2023-08-12
4843,  Xander Lee,france,2022-02-13
4844,  Haruto Fischer ,japan,2021-08-07
4845,  KENJI DAVIS,france,2022-08-15
4846,EVE MARTIN,UK,2022-05-12
4847,  Peggy Bernard,in,2022-01-09
4848,  kenji yamamoto,denmark,2019-10-31
4849,Liam Ng,China,2021-03-01
4850,alice suzuki,GB,2021-10-26
4851,omar singh,usa,2023-08-07
4852,Mei Adebayo,france,2020-04-25
4853,Daniela WILLIAMS,ID,2024-02-09
4854,  AISHA MARTIN ,thailand,2019-10-26
4855,  OSCAR YAMAMOTO,gb,2019-05-20
4856,SATOSHI SCHNEIDER  ,Singapore,2023-12-17
4857,VICTOR SINGH,in,2022-09-07
4858,Kenji Lim,fr,2024-01-31
4859,  Heidi Chen,DK,2022-06-27
4860,kiran wang,TH,2022-03-06
4861,  xander davis,france,2019-08-01
4862,  Aisha Miller ,SINGAPORE,2021-04-11
4863,Devi MUELLER,JP,2020-09-07
4864,Leila KOH,China,2024-03-20
4865,rajesh yamamoto,jp,2022-01-18
4866,WENDY RODRIGUEZ,CN,2023-06-28
4867,SYBIL TAKAHASHI  ,china,2024-02-10
4868,Wendy Kumar,SINGAPORE,2020-09-29
4869,ivan yamamoto,in,2023-05-21
4870,JUN LEE,IN,2023-03-01
4871,ARJUN LIM  ,indonesia,2021-01-07
4872,noa chen  ,GB,2019-08-06
4873,haruto suzuki,FRANCE,2023-07-08
4874,Caleb Nguyen  ,gb,2020-07-23
4875,Ruth WILLIAMS,FRANCE,2020-07-23
4876,Omar WANG,denmark,2023-05-18
4877,Nina Bernard  ,FRANCE,2024-02-14
4878,bao goh,Taiwan,2022-12-21
4879,  BOB WILLIAMS ,malaysia,2020-10-20
4880,  Indira Yamamoto,usa,2021-11-10
4881,  Zach CHEN,us,2022-08-26
4882,Quentin Davis,id,2019-06-27
4883,Kenji MUELLER,sg,2023-12-04
4884,WEI WILLIAMS,Taiwan,2021-08-31
4885,  Xiulan HANSEN,cn,2020-08-30
4886,  CAROL YAMAMOTO ,JP,2021-04-14
4887,Haruto TAKAHASHI,JP,2023-08-09
4888,kenji schneider,cn,2021-02-19
4889,JUN JOHNSON,denmark,2019-10-05
4890,Rajesh Wong,Taiwan,2019-09-28
4891,ZACH HUANG  ,Taiwan,2022-01-08
4892,rajesh andersen,MY,2020-12-09
4893,  Xander ABBAS,th,2021-05-17
4894,valentina wong,ID,2019-05-05
4895,Arjun Rodriguez  ,CN,2021-09-06
4896,Judy Yamamoto  ,in,2019-12-30
4897,BAO ANDERSEN,us,2019-05-22
4898,Grace Goh,Taiwan,2019-09-18
4899,Arjun MILLER,thailand,2020-09-02
4900,bianca lee,th,2020-08-10
4901,  Bob Huang ,thailand,2020-10-22
4902,Peggy Singh,france,2022-03-29
4903,oscar bernard,id,2019-06-17
4904,  MALLORY SINGH ,Taiwan,2023-02-04
4905,Dan Hansen,usa,2024-01-05
4906,  SYBIL HANSEN ,jp,2024-01-23
4907,Oscar Rodriguez,SG,2023-05-21
4908,  Sybil OKAFOR,tw,2023-01-03
4909,Zara KHAN,indonesia,2020-12-29
4910,  Heidi CHEN ,Taiwan,2020-03-16
4911,kiran fischer,id,2021-11-04
4912,Valentina Koh,FR,2020-05-07
4913,Valentina Smith,JAPAN,2022-05-28
4914,IVAN SUZUKI,tw,2023-09-07
4915,HARUTO LIM,sg,2019-10-26
4916,NOA HO,Taiwan,2021-05-20
4917,  frank adebayo ,USA,2021-09-07
4918,  ivan wang,dk,2022-06-12
4919,Ruth CHEN,JP,2021-02-04
4920,Judy Brown  ,DK,2021-08-20
4921,BOB WILLIAMS,cn,2019-10-24
4922,UMA SINGH,ID,2022-03-03
4923,Jun KOH,jp,2020-10-16
4924,Frank ADEBAYO,USA,2023-02-14
4925,Judy Smith,SINGAPORE,2020-01-03
4926,  noa johnson,TH,2020-12-11
4927,CAROL HANSEN,gb,2019-12-27
4928,  Haruto SCHNEIDER ,usa,2022-01-21
4929,Frank JOHNSON,USA,2020-11-17
4930,  FARID SUZUKI ,thailand,2020-04-19
4931,CAROL TAKAHASHI  ,id,2019-05-30
4932,  giulia wong ,cn,2021-07-16
4933,INDIRA KUMAR,usa,2023-08-29
4934,Ruth RODRIGUEZ  ,TW,2021-02-14
4935,aisha garcia,JAPAN,2021-06-27
4936,Dan FISCHER,TW,2021-02-02
4937,Ruth SMITH  ,japan,2019-12-14
4938,Indira Huang  ,france,2020-01-08
4939,sybil kumar,Singapore,2020-09-10
4940,  Chen DAVIS ,SG,2022-01-24
4941,Peggy Singh  ,uk,2022-06-27
4942,dan wang,UK,2022-08-20
4943,Zach Goh,denmark,2023-06-26
4944,Judy Yamamoto,UK,2020-06-28
4945,judy fischer,ID,2022-12-25
4946,Arjun CHEN,jp,2019-09-13
4947,  RAJESH CHEN,france,2019-11-26
4948,Xander Schneider,DK,2023-11-13
4949,INDIRA PEDERSEN,usa,2021-07-26
4950,Kiran Fischer  ,jp,2023-04-04
4951,  Xander Davis,indonesia,2020-11-14
4952,haruto goh  ,france,2022-01-14
4953,  DEVI SMITH ,JAPAN,2023-02-01
4954,  INDIRA JOHNSON,FRANCE,2020-01-15
4955,Farid WONG,MY,2022-02-28
4956,YARA OKAFOR  ,in,2022-10-29
4957,Dan Koh,japan,2021-01-17
4958,Ruth Adebayo,UK,2020-12-26
4959,Arjun Miller  ,indonesia,2021-11-27
4960,sybil ho,SINGAPORE,2021-05-27
4961,ALICE CHEN,IN,2020-02-15
4962,carol kumar,TW,2019-12-12
4963,Oscar Fischer,malaysia,2022-01-16
4964,FRANK NG  ,Singapore,2024-02-27
4965,Uma Hansen,GB,2023-01-07
4966,Elena ABBAS,india,2020-08-10
4967,  VICTOR NG ,sg,2019-11-27
4968,  zara abbas ,in,2020-07-16
4969,Zara WONG,UK,2022-09-25
4970,ARJUN BROWN,id,2019-11-05
4971,  Elena Brown,SINGAPORE,2023-07-28
4972,daniela chen,gb,2023-12-09
4973,CALEB OKAFOR,TH,2024-03-13
4974,  Caleb Suzuki,th,2023-04-09
4975,Aisha Suzuki,jp,2023-01-24
4976,leila zhang  ,id,2019-06-15
4977,  priya mueller,uk,2022-02-12
4978,devi goh,india,2021-09-13
4979,indira zhang  ,IN,2022-09-10
4980,  aisha okafor ,CN,2022-08-19
4981,Leila Tan,TH,2021-01-16
4982,Ruth PEDERSEN,sg,2023-03-02
4983,Elena ANDERSEN,jp,2023-11-11
4984,Ivan Wong  ,uk,2020-04-10
4985,OMAR HO,FR,2022-03-05
4986,  frank nguyen ,france,2021-11-06
4987,victor fischer,usa,2020-06-15
4988,liam jensen  ,japan,2019-07-06
4989,Nina Davis,usa,2021-08-17
4990,Valentina Jensen  ,sg,2022-02-06
4991,Xiulan Garcia,Taiwan,2020-05-25
4992,daniela tan  ,IN,2021-06-17
4993,  wendy lee,dk,2020-07-01
4994,OSCAR YAMAMOTO,us,2021-01-04
4995,  Caleb TAKAHASHI ,Singapore,2020-09-06
4996,Elena Kumar,TW,2021-09-15
4997,frank wong,my,2020-10-30
4998,Trent BERNARD  ,malaysia,2020-12-28
4999,Noa Miller,sg,2023-11-12
5000,judy yamamoto  ,malaysia,2020-04-09
